Частный пансионат для пожилых и инвалидов,900  ₽,28 мая 16:19,https://www.avito.ru/sankt-peterburg/predlozheniya_uslug/chastnyy_pansionat_dlya_pozhilyh_i_invalidov_1912305858
Домашний садик,100  ₽,28 мая 14:12,https://www.avito.ru/sankt-peterburg/predlozheniya_uslug/domashniy_sadik_847836238
Частный детский сад на Просвещении 1 место,12 000  ₽,28 мая 11:18,https://www.avito.ru/sankt-peterburg/predlozheniya_uslug/chastnyy_detskiy_sad_na_prosveschenii_1_mesto_827513888
Сиделка по уходу В свою квартиру,1  ₽,28 мая 20:45,https://www.avito.ru/sankt-peterburg/predlozheniya_uslug/sidelka_po_uhodu_v_svoyu_kvartiru_1134671402
Сиделка,Цена не указана,28 мая 20:36,https://www.avito.ru/sankt-peterburg/predlozheniya_uslug/sidelka_1940850187
"Сиделка (возможно, с проживанием)",Цена не указана,28 мая 16:43,https://www.avito.ru/sankt-peterburg/predlozheniya_uslug/sidelka_vozmozhno_s_prozhivaniem_1239307822
Няня,250  ₽,28 мая 17:36,https://www.avito.ru/sankt-peterburg/predlozheniya_uslug/nyanya_1554323677
Сиделка,Цена не указана,28 мая 17:00,https://www.avito.ru/sankt-peterburg/predlozheniya_uslug/sidelka_1857042276
Няня у себя на дому,150  ₽,28 мая 16:36,https://www.avito.ru/sankt-peterburg/predlozheniya_uslug/nyanya_u_sebya_na_domu_1941026302
Няня,Цена не указана,28 мая 15:57,https://www.avito.ru/sankt-peterburg/predlozheniya_uslug/nyanya_1935734031
"Домашний частный детский сад, ясли-сад",250  ₽,28 мая 15:13,https://www.avito.ru/sankt-peterburg/predlozheniya_uslug/domashniy_chastnyy_detskiy_sad_yasli-sad_1602264551
Няня,100  ₽,28 мая 14:11,https://www.avito.ru/sankt-peterburg/predlozheniya_uslug/nyanya_1937513167
"Домработница, помощница по хозяйству",300  ₽,28 мая 14:11,https://www.avito.ru/sankt-peterburg/predlozheniya_uslug/domrabotnitsa_pomoschnitsa_po_hozyaystvu_1697187294
Няня,Цена не указана,28 мая 12:36,https://www.avito.ru/sankt-peterburg/predlozheniya_uslug/nyanya_830742390
Ваша няня,200  ₽,28 мая 13:42,https://www.avito.ru/sankt-peterburg_kolpino/predlozheniya_uslug/vasha_nyanya_1828737707
Няня приморский район,300  ₽,28 мая 13:33,https://www.avito.ru/sankt-peterburg/predlozheniya_uslug/nyanya_primorskiy_rayon_1770560573
Няня с опытом работы (г. Петергоф),300  ₽,28 мая 12:08,https://www.avito.ru/sankt-peterburg_peterhof/predlozheniya_uslug/nyanya_s_opytom_raboty_g._petergof_695043354
Услуги сиделки,250  ₽,28 мая 11:59,https://www.avito.ru/sankt-peterburg/predlozheniya_uslug/uslugi_sidelki_1036550545
Сиделка в колпино,200  ₽,28 мая 11:19,https://www.avito.ru/sankt-peterburg_kolpino/predlozheniya_uslug/sidelka_v_kolpino_1862318219
Няня,175  ₽,28 мая 10:54,https://www.avito.ru/sankt-peterburg/predlozheniya_uslug/nyanya_1866540908
Няня,150  ₽,28 мая 10:41,https://www.avito.ru/sankt-peterburg/predlozheniya_uslug/nyanya_1929017070
"Детский сад ""Родничок""",15 000  ₽,28 мая 09:41,https://www.avito.ru/sankt-peterburg/predlozheniya_uslug/detskiy_sad_rodnichok_917027029
Няня,1 000  ₽,28 мая 09:18,https://www.avito.ru/sankt-peterburg_krasnoye_selo/predlozheniya_uslug/nyanya_655995595
Няня. сиделка,200  ₽,28 мая 08:48,https://www.avito.ru/sankt-peterburg/predlozheniya_uslug/nyanya._sidelka_1925320707
Няня,Цена не указана,28 мая 07:52,https://www.avito.ru/sankt-peterburg/predlozheniya_uslug/nyanya_1922447103
Автоняня,1 000  ₽,28 мая 05:03,https://www.avito.ru/sankt-peterburg/predlozheniya_uslug/avtonyanya_1948212524
Няня,100  ₽,28 мая 03:35,https://www.avito.ru/sankt-peterburg/predlozheniya_uslug/nyanya_1949410712
Сиделка,1  ₽,28 мая 03:03,https://www.avito.ru/sankt-peterburg/predlozheniya_uslug/sidelka_286833890
"Няня-воспитатель, репетитор",200  ₽,28 мая 02:28,https://www.avito.ru/sankt-peterburg/predlozheniya_uslug/nyanya-vospitatel_repetitor_1893651306
Няня,250  ₽,28 мая 00:52,https://www.avito.ru/sankt-peterburg/predlozheniya_uslug/nyanya_1900690875
Няня,200  ₽,28 мая 00:51,https://www.avito.ru/sankt-peterburg/predlozheniya_uslug/nyanya_1926995007
Передержка животных,100  ₽,27 мая 23:32,https://www.avito.ru/sankt-peterburg/predlozheniya_uslug/perederzhka_zhivotnyh_1717335372
Уход за пожилыми людьми,990  ₽,27 мая 23:17,https://www.avito.ru/sankt-peterburg/predlozheniya_uslug/uhod_za_pozhilymi_lyudmi_1805206030
Частный Детский сад Ясли,21 000  ₽,27 мая 22:13,https://www.avito.ru/sankt-peterburg/predlozheniya_uslug/chastnyy_detskiy_sad_yasli_1764291853
"Сиделка приходящая, услуги Сиделки с проживанием",900  ₽,27 мая 19:04,https://www.avito.ru/sankt-peterburg/predlozheniya_uslug/sidelka_prihodyaschaya_uslugi_sidelki_s_prozhivaniem_1894417497
Няня для Вашего ребёнка,200  ₽,27 мая 18:52,https://www.avito.ru/sankt-peterburg/predlozheniya_uslug/nyanya_dlya_vashego_rebenka_1852509408
Ночная Няня,1 000  ₽,27 мая 18:38,https://www.avito.ru/sankt-peterburg/predlozheniya_uslug/nochnaya_nyanya_1810343340
Автоняня,350  ₽,27 мая 18:08,https://www.avito.ru/sankt-peterburg/predlozheniya_uslug/avtonyanya_843390228
Сиделка на 2-4 часа в день на севере города,200  ₽,27 мая 17:16,https://www.avito.ru/sankt-peterburg/predlozheniya_uslug/sidelka_na_2-4_chasa_v_den_na_severe_goroda_1608989543
Сиделка,250  ₽,27 мая 16:50,https://www.avito.ru/sankt-peterburg/predlozheniya_uslug/sidelka_1915161511
"Помощница на дому, уход за пожилыми людьми",1 000  ₽,27 мая 15:58,https://www.avito.ru/sankt-peterburg/predlozheniya_uslug/pomoschnitsa_na_domu_uhod_za_pozhilymi_lyudmi_1901294673
Частный ясли- сад Музыкальное Солнышко красн.р-н,15 000  ₽,27 мая 15:47,https://www.avito.ru/sankt-peterburg/predlozheniya_uslug/chastnyy_yasli-_sad_muzykalnoe_solnyshko_krasn.r-n_1838425017
Предлагаю услуги няни к ребенку,300  ₽,27 мая 15:20,https://www.avito.ru/sankt-peterburg/predlozheniya_uslug/predlagayu_uslugi_nyani_k_rebenku_1260315287
Няня,15 000  ₽,27 мая 15:19,https://www.avito.ru/sankt-peterburg/predlozheniya_uslug/nyanya_1125793275
Няня,Цена не указана,27 мая 13:57,https://www.avito.ru/sankt-peterburg/predlozheniya_uslug/nyanya_1859717331
Сопровождающая няня,200  ₽,27 мая 13:53,https://www.avito.ru/sankt-peterburg/predlozheniya_uslug/soprovozhdayuschaya_nyanya_1930375111
Сиделка с проживанием,35 000  ₽,27 мая 13:41,https://www.avito.ru/sankt-peterburg/predlozheniya_uslug/sidelka_s_prozhivaniem_1946496813
Ищу работу сиделки с проживанием,30 000  ₽,27 мая 13:29,https://www.avito.ru/sankt-peterburg/predlozheniya_uslug/ischu_rabotu_sidelki_s_prozhivaniem_1929414187
Няня с опытом,Цена не указана,27 мая 11:20,https://www.avito.ru/sankt-peterburg/predlozheniya_uslug/nyanya_s_opytom_1923233065
Няня Сиделка,Цена не указана,27 мая 11:09,https://www.avito.ru/sankt-peterburg/predlozheniya_uslug/nyanya_sidelka_1854975742
"Няня-воспитатель, Север города, возможен выезд на",250  ₽,27 мая 09:47,https://www.avito.ru/sankt-peterburg/predlozheniya_uslug/nyanya-vospitatel_sever_goroda_vozmozhen_vyezd_na_1933974007
Сиделка на дому,500  ₽,27 мая 08:19,https://www.avito.ru/sankt-peterburg/predlozheniya_uslug/sidelka_na_domu_1074574183
Пансионат для пожилых людей,800  ₽,27 мая 00:42,https://www.avito.ru/sankt-peterburg/predlozheniya_uslug/pansionat_dlya_pozhilyh_lyudey_1905218948
Няня,170  ₽,27 мая 00:39,https://www.avito.ru/sankt-peterburg/predlozheniya_uslug/nyanya_1930976656
Сиделка,1 300  ₽,26 мая 23:55,https://www.avito.ru/sankt-peterburg/predlozheniya_uslug/sidelka_1903801602
Няня,150  ₽,26 мая 22:09,https://www.avito.ru/sankt-peterburg/predlozheniya_uslug/nyanya_1940917595
"Воспитатель, няня",Цена не указана,26 мая 21:07,https://www.avito.ru/sankt-peterburg/predlozheniya_uslug/vospitatel_nyanya_1939804748
Приходящая дневная сиделка,300  ₽,26 мая 19:49,https://www.avito.ru/sankt-peterburg/predlozheniya_uslug/prihodyaschaya_dnevnaya_sidelka_1931516244
Няня,250  ₽,26 мая 19:04,https://www.avito.ru/sankt-peterburg/predlozheniya_uslug/nyanya_1822939605
Няня для детей,150  ₽,26 мая 18:39,https://www.avito.ru/sankt-peterburg/predlozheniya_uslug/nyanya_dlya_detey_1694113098
Музыкальная няня,300  ₽,26 мая 18:01,https://www.avito.ru/sankt-peterburg/predlozheniya_uslug/muzykalnaya_nyanya_1771148055
"Няня,гувернантка",270  ₽,26 мая 17:34,https://www.avito.ru/sankt-peterburg/predlozheniya_uslug/nyanyaguvernantka_1694521663
Ищу работу няней,250  ₽,26 мая 16:54,https://www.avito.ru/sankt-peterburg/predlozheniya_uslug/ischu_rabotu_nyaney_1868659764
Няня,300  ₽,26 мая 15:44,https://www.avito.ru/sankt-peterburg/predlozheniya_uslug/nyanya_1901942779
"Няня, гувернантка, репетитор педагог по музыке",Цена не указана,26 мая 15:34,https://www.avito.ru/sankt-peterburg/predlozheniya_uslug/nyanya_guvernantka_repetitor_pedagog_po_muzyke_1912208130
Сиделка,1 500  ₽,26 мая 15:30,https://www.avito.ru/sankt-peterburg/predlozheniya_uslug/sidelka_1128872080
Сиделка,350  ₽,26 мая 15:30,https://www.avito.ru/sankt-peterburg/predlozheniya_uslug/sidelka_1848651678
"Няня по сопровождению, Ваших деток",400  ₽,26 мая 14:52,https://www.avito.ru/sankt-peterburg/predlozheniya_uslug/nyanya_po_soprovozhdeniyu_vashih_detok_1853752259
Няня,200  ₽,26 мая 14:06,https://www.avito.ru/sankt-peterburg/predlozheniya_uslug/nyanya_829079517
Ночная няня для ребенка,1 000  ₽,26 мая 13:29,https://www.avito.ru/sankt-peterburg_kolpino/predlozheniya_uslug/nochnaya_nyanya_dlya_rebenka_1576965554
Авто-няня,450  ₽,26 мая 13:05,https://www.avito.ru/sankt-peterburg_sestroretsk/predlozheniya_uslug/avto-nyanya_1862534174
Сеть частных детских садов «Радуга»,160  ₽,26 мая 12:36,https://www.avito.ru/sankt-peterburg/predlozheniya_uslug/set_chastnyh_detskih_sadov_raduga_1925613229
Няня,300  ₽,26 мая 12:27,https://www.avito.ru/sankt-peterburg/predlozheniya_uslug/nyanya_1806924216
Могу быть сиделкой у мужчины - убирать за ним - хо,Цена не указана,26 мая 11:00,https://www.avito.ru/sankt-peterburg/predlozheniya_uslug/mogu_byt_sidelkoy_u_muzhchiny_-_ubirat_za_nim_-_ho_1937044864
Уход за лежачими на моей территории,900  ₽,26 мая 10:21,https://www.avito.ru/sankt-peterburg_kolpino/predlozheniya_uslug/uhod_za_lezhachimi_na_moey_territorii_858790866
Няня,200  ₽,26 мая 09:46,https://www.avito.ru/sankt-peterburg/predlozheniya_uslug/nyanya_1832950221
Сиделка с проживанием,30 000  ₽,26 мая 09:16,https://www.avito.ru/sankt-peterburg/predlozheniya_uslug/sidelka_s_prozhivaniem_1312572761
"Няня на час, день, сутки",180  ₽,26 мая 06:31,https://www.avito.ru/sankt-peterburg/predlozheniya_uslug/nyanya_na_chas_den_sutki_1919001334
Няня для ребёнка,Цена не указана,26 мая 05:58,https://www.avito.ru/sankt-peterburg/predlozheniya_uslug/nyanya_dlya_rebenka_1884411669
Сиделка - помощница,1 000  ₽,26 мая 02:06,https://www.avito.ru/sankt-peterburg_kolpino/predlozheniya_uslug/sidelka_-_pomoschnitsa_1932128809
Няня,250  ₽,26 мая 01:08,https://www.avito.ru/sankt-peterburg/predlozheniya_uslug/nyanya_1781846683
"Няня (психолог,фельдшер,детский массажист)",300  ₽,26 мая 00:02,https://www.avito.ru/sankt-peterburg/predlozheniya_uslug/nyanya_psihologfeldsherdetskiy_massazhist_1931577505
Сиделка с Проживанием,30 000  ₽,25 мая 22:18,https://www.avito.ru/sankt-peterburg/predlozheniya_uslug/sidelka_s_prozhivaniem_1941187234
Няня,250  ₽,25 мая 22:13,https://www.avito.ru/sankt-peterburg/predlozheniya_uslug/nyanya_1266107223
Няня,200  ₽,25 мая 21:45,https://www.avito.ru/sankt-peterburg/predlozheniya_uslug/nyanya_1906377281
Сиделка,150  ₽,25 мая 21:22,https://www.avito.ru/sankt-peterburg_krasnoye_selo/predlozheniya_uslug/sidelka_476261050
"Няня с опытом и образованием, без проживания",250  ₽,25 мая 21:12,https://www.avito.ru/sankt-peterburg/predlozheniya_uslug/nyanya_s_opytom_i_obrazovaniem_bez_prozhivaniya_142720719
Няня,35 000  ₽,25 мая 20:10,https://www.avito.ru/sankt-peterburg/predlozheniya_uslug/nyanya_1945548174
Сиделка,28 000  ₽,25 мая 20:02,https://www.avito.ru/sankt-peterburg/predlozheniya_uslug/sidelka_1301576072
"Няня,автоняня",200  ₽,25 мая 19:44,https://www.avito.ru/sankt-peterburg/predlozheniya_uslug/nyanyaavtonyanya_1775329829
Няня к ребенку до 3х лет,250  ₽,25 мая 16:55,https://www.avito.ru/sankt-peterburg/predlozheniya_uslug/nyanya_k_rebenku_do_3h_let_1932108669
Предложение услуг,150  ₽,25 мая 16:55,https://www.avito.ru/sankt-peterburg/predlozheniya_uslug/predlozhenie_uslug_1909060755
Сиделка с проживанием,30 000  ₽,25 мая 16:54,https://www.avito.ru/sankt-peterburg/predlozheniya_uslug/sidelka_s_prozhivaniem_1283811110
"Няня, воспитатель",185  ₽,25 мая 16:36,https://www.avito.ru/sankt-peterburg_pavlovsk/predlozheniya_uslug/nyanya_vospitatel_1913919127
Бабушка на дачу,Цена не указана,25 мая 15:29,https://www.avito.ru/sankt-peterburg/predlozheniya_uslug/babushka_na_dachu_1947959909
Няня,120  ₽,25 мая 15:09,https://www.avito.ru/sankt-peterburg/predlozheniya_uslug/nyanya_1915964226
Услуга няни,300  ₽,25 мая 14:10,https://www.avito.ru/sankt-peterburg/predlozheniya_uslug/usluga_nyani_938742223
Сиделка,200  ₽,25 мая 12:41,https://www.avito.ru/sankt-peterburg/predlozheniya_uslug/sidelka_1059237416
Сиделка,1 000  ₽,25 мая 11:50,https://www.avito.ru/sankt-peterburg/predlozheniya_uslug/sidelka_1898546381
Няня Возьму к себе в коттедж загород,1 500  ₽,25 мая 10:17,https://www.avito.ru/sankt-peterburg_zelenogorsk/predlozheniya_uslug/nyanya_vozmu_k_sebe_v_kottedzh_zagorod_1787230429
Няня на день/ночь/сутки,Цена не указана,25 мая 10:16,https://www.avito.ru/sankt-peterburg/predlozheniya_uslug/nyanya_na_dennochsutki_1885519484
Авто няня,300  ₽,25 мая 09:52,https://www.avito.ru/sankt-peterburg/predlozheniya_uslug/avto_nyanya_1876563367
Сиделка,250  ₽,25 мая 08:30,https://www.avito.ru/sankt-peterburg/predlozheniya_uslug/sidelka_1216234249
Частный Детский Сад в Шувалово с видеонаблюдением,10 999  ₽,25 мая 06:39,https://www.avito.ru/sankt-peterburg/predlozheniya_uslug/chastnyy_detskiy_sad_v_shuvalovo_s_videonablyudeniem_1108893965
Предоставляю услуги сиделки,1 000  ₽,25 мая 00:48,https://www.avito.ru/sankt-peterburg/predlozheniya_uslug/predostavlyayu_uslugi_sidelki_1918554973
"Автоняня, сопровождающая",350  ₽,25 мая 00:36,https://www.avito.ru/sankt-peterburg/predlozheniya_uslug/avtonyanya_soprovozhdayuschaya_915326332
Няня для прогулок с детьми,250  ₽,25 мая 00:23,https://www.avito.ru/sankt-peterburg/predlozheniya_uslug/nyanya_dlya_progulok_s_detmi_1933220211
"Сиделка на дому, Сиделки в больницу",350  ₽,25 мая 00:01,https://www.avito.ru/sankt-peterburg/predlozheniya_uslug/sidelka_na_domu_sidelki_v_bolnitsu_1897268028
"Няня на выходные в Пушкине, м. Парк Победы",250  ₽,24 мая 23:40,https://www.avito.ru/sankt-peterburg_pushkin/predlozheniya_uslug/nyanya_na_vyhodnye_v_pushkine_m._park_pobedy_1944141874
Автоняня. Сопровождение детей,Цена не указана,24 мая 23:29,https://www.avito.ru/sankt-peterburg_pushkin/predlozheniya_uslug/avtonyanya._soprovozhdenie_detey_1063864014
Няня,200  ₽,24 мая 22:57,https://www.avito.ru/sankt-peterburg/predlozheniya_uslug/nyanya_1010824285
Няня,150  ₽,24 мая 22:25,https://www.avito.ru/sankt-peterburg_krasnoye_selo/predlozheniya_uslug/nyanya_1927688899
Няня,250  ₽,24 мая 22:19,https://www.avito.ru/sankt-peterburg/predlozheniya_uslug/nyanya_1811426390
Няня,40 000  ₽,24 мая 22:13,https://www.avito.ru/sankt-peterburg/predlozheniya_uslug/nyanya_1938344957
Няня в ленсоветовском,150  ₽,24 мая 21:57,https://www.avito.ru/sankt-peterburg/predlozheniya_uslug/nyanya_v_lensovetovskom_1464918902
"Няня, автоняня",Цена не указана,24 мая 20:41,https://www.avito.ru/sankt-peterburg/predlozheniya_uslug/nyanya_avtonyanya_772975484
Услуги няни у Вас,200  ₽,24 мая 20:26,https://www.avito.ru/sankt-peterburg/predlozheniya_uslug/uslugi_nyani_u_vas_1351999280
Няня,250  ₽,24 мая 18:52,https://www.avito.ru/sankt-peterburg/predlozheniya_uslug/nyanya_1010368687
"Няня, сиделка",200  ₽,24 мая 18:12,https://www.avito.ru/sankt-peterburg_peterhof/predlozheniya_uslug/nyanya_sidelka_1850627602
Профессиональные услуги сиделки,Цена не указана,24 мая 18:05,https://www.avito.ru/sankt-peterburg/predlozheniya_uslug/professionalnye_uslugi_sidelki_378916213
Сиделка на дому,300  ₽,24 мая 16:53,https://www.avito.ru/sankt-peterburg/predlozheniya_uslug/sidelka_na_domu_1912683113
Предложение услуги сиделки,Цена не указана,24 мая 16:15,https://www.avito.ru/sankt-peterburg/predlozheniya_uslug/predlozhenie_uslugi_sidelki_1283730679
Няня,150  ₽,24 мая 14:48,https://www.avito.ru/sankt-peterburg/predlozheniya_uslug/nyanya_1809732950
Помощь по дому,Цена не указана,24 мая 14:43,https://www.avito.ru/sankt-peterburg/predlozheniya_uslug/pomosch_po_domu_1897888833
Помощник по хозяйству,12 000  ₽,24 мая 14:37,https://www.avito.ru/sankt-peterburg/predlozheniya_uslug/pomoschnik_po_hozyaystvu_1923501719
Пансионат для пожилых,700  ₽,24 мая 12:13,https://www.avito.ru/sankt-peterburg/predlozheniya_uslug/pansionat_dlya_pozhilyh_1784719184
"Няня, помощница по хозяйству",300  ₽,24 мая 11:30,https://www.avito.ru/sankt-peterburg/predlozheniya_uslug/nyanya_pomoschnitsa_po_hozyaystvu_1120215492
Няня,150  ₽,24 мая 08:19,https://www.avito.ru/sankt-peterburg/predlozheniya_uslug/nyanya_1907363880
Няня,250  ₽,23 мая 22:44,https://www.avito.ru/sankt-peterburg/predlozheniya_uslug/nyanya_1120459463
Предлагаю услуги няни онлайн,Цена не указана,23 мая 21:34,https://www.avito.ru/sankt-peterburg/predlozheniya_uslug/predlagayu_uslugi_nyani_onlayn_1923875253
Сиделка,Цена не указана,23 мая 18:07,https://www.avito.ru/sankt-peterburg/predlozheniya_uslug/sidelka_1029827946
Няня на целый день,250  ₽,23 мая 17:46,https://www.avito.ru/sankt-peterburg/predlozheniya_uslug/nyanya_na_tselyy_den_1877564079
Частный пансионат для пожилых людей,20 000  ₽,23 мая 16:51,https://www.avito.ru/sankt-peterburg/predlozheniya_uslug/chastnyy_pansionat_dlya_pozhilyh_lyudey_1889670879
Няня,200  ₽,23 мая 15:26,https://www.avito.ru/sankt-peterburg/predlozheniya_uslug/nyanya_1054753930
Присмотр за детьми,1 500  ₽,23 мая 14:28,https://www.avito.ru/sankt-peterburg/predlozheniya_uslug/prismotr_za_detmi_1918916000
Частный детский сад,20 000  ₽,23 мая 13:02,https://www.avito.ru/sankt-peterburg/predlozheniya_uslug/chastnyy_detskiy_sad_1918638962
Няня для детей,200  ₽,23 мая 12:55,https://www.avito.ru/sankt-peterburg/predlozheniya_uslug/nyanya_dlya_detey_1936497894
Няня на час и более,350  ₽,23 мая 12:10,https://www.avito.ru/sankt-peterburg/predlozheniya_uslug/nyanya_na_chas_i_bolee_1487547086
Няня узбечка есть у меня тоже сын,10 000  ₽,23 мая 10:21,https://www.avito.ru/sankt-peterburg/predlozheniya_uslug/nyanya_uzbechka_est_u_menya_tozhe_syn_1915955850
Няня,250  ₽,23 мая 10:11,https://www.avito.ru/sankt-peterburg/predlozheniya_uslug/nyanya_1117508643
Няня цена за полный день и ночной,500  ₽,23 мая 09:24,https://www.avito.ru/sankt-peterburg/predlozheniya_uslug/nyanya_tsena_za_polnyy_den_i_nochnoy_1770848137
Помощница с детишками,250  ₽,23 мая 05:19,https://www.avito.ru/sankt-peterburg/predlozheniya_uslug/pomoschnitsa_s_detishkami_963487098
Няня у себя дома,100  ₽,23 мая 04:57,https://www.avito.ru/sankt-peterburg/predlozheniya_uslug/nyanya_u_sebya_doma_1922185475
Няня,Цена не указана,23 мая 01:05,https://www.avito.ru/sankt-peterburg_zelenogorsk/predlozheniya_uslug/nyanya_1945634642
Няня для ребёнка,250  ₽,22 мая 21:17,https://www.avito.ru/sankt-peterburg/predlozheniya_uslug/nyanya_dlya_rebenka_1858787938
Помощь с ребенком,250  ₽,22 мая 19:20,https://www.avito.ru/sankt-peterburg/predlozheniya_uslug/pomosch_s_rebenkom_1892545246
Няня на лето (без выезда за пределы города),250  ₽,22 мая 17:41,https://www.avito.ru/sankt-peterburg/predlozheniya_uslug/nyanya_na_leto_bez_vyezda_za_predely_goroda_233054766
Уход за больным уколы капельница,Цена не указана,22 мая 16:37,https://www.avito.ru/sankt-peterburg/predlozheniya_uslug/uhod_za_bolnym_ukoly_kapelnitsa_1590860583
Няня,300  ₽,22 мая 15:41,https://www.avito.ru/sankt-peterburg/predlozheniya_uslug/nyanya_1904191797
Уход за недвижимость,Цена не указана,22 мая 15:09,https://www.avito.ru/sankt-peterburg/predlozheniya_uslug/uhod_za_nedvizhimost_1574122863
Сиделка,200  ₽,22 мая 14:03,https://www.avito.ru/sankt-peterburg/predlozheniya_uslug/sidelka_1713268179
"Няня, Домашний садик ""Смайлики"". Дыбенко. Кудрово",100  ₽,22 мая 13:20,https://www.avito.ru/sankt-peterburg/predlozheniya_uslug/nyanya_domashniy_sadik_smayliki._dybenko._kudrovo_885572847
Няня для деток от 6 мес до 2х лет,250  ₽,22 мая 13:06,https://www.avito.ru/sankt-peterburg/predlozheniya_uslug/nyanya_dlya_detok_ot_6_mes_do_2h_let_1923814203
Няня,200  ₽,22 мая 11:39,https://www.avito.ru/sankt-peterburg/predlozheniya_uslug/nyanya_1939047582
Няня,190  ₽,22 мая 09:46,https://www.avito.ru/sankt-peterburg/predlozheniya_uslug/nyanya_1343366024
Частный детский сад,16 000  ₽,22 мая 07:09,https://www.avito.ru/sankt-peterburg/predlozheniya_uslug/chastnyy_detskiy_sad_1872247789
Уборка квартир и офисов. Помощь по хозяйству,100  ₽,22 мая 03:11,https://www.avito.ru/sankt-peterburg/predlozheniya_uslug/uborka_kvartir_i_ofisov._pomosch_po_hozyaystvu_1898126707
Выгул собак/няня к ребёнку /помощница (сиделка вре,Цена не указана,22 мая 02:36,https://www.avito.ru/sankt-peterburg/predlozheniya_uslug/vygul_sobaknyanya_k_rebenku_pomoschnitsa_sidelka_vre_1920322248
Няня,250  ₽,21 мая 23:13,https://www.avito.ru/sankt-peterburg/predlozheniya_uslug/nyanya_1914083814
Няня,200  ₽,21 мая 22:06,https://www.avito.ru/sankt-peterburg/predlozheniya_uslug/nyanya_1919253864
Няня на час,200  ₽,21 мая 21:44,https://www.avito.ru/sankt-peterburg/predlozheniya_uslug/nyanya_na_chas_1458335725
Няня,200  ₽,21 мая 20:56,https://www.avito.ru/sankt-peterburg/predlozheniya_uslug/nyanya_1883806372
Няня,150  ₽,21 мая 20:00,https://www.avito.ru/sankt-peterburg/predlozheniya_uslug/nyanya_1760842343
Детей в школу на авто. Московский район,800  ₽,21 мая 19:11,https://www.avito.ru/sankt-peterburg/predlozheniya_uslug/detey_v_shkolu_na_avto._moskovskiy_rayon_1790140901
Пансионат для пожилых,1 300  ₽,21 мая 18:34,https://www.avito.ru/sankt-peterburg/predlozheniya_uslug/pansionat_dlya_pozhilyh_1900467998
Сиделка,500  ₽,21 мая 18:30,https://www.avito.ru/sankt-peterburg/predlozheniya_uslug/sidelka_1947913454
Няня. Экстренная няня,200  ₽,21 мая 16:46,https://www.avito.ru/sankt-peterburg/predlozheniya_uslug/nyanya._ekstrennaya_nyanya_1176063180
Няня,300  ₽,21 мая 16:02,https://www.avito.ru/sankt-peterburg/predlozheniya_uslug/nyanya_1941680878
Няня,200  ₽,21 мая 15:22,https://www.avito.ru/sankt-peterburg/predlozheniya_uslug/nyanya_559372952
Ищу работу сиделкой,45 000  ₽,21 мая 14:25,https://www.avito.ru/sankt-peterburg/predlozheniya_uslug/ischu_rabotu_sidelkoy_1190740773
Сиделка,Цена не указана,21 мая 13:19,https://www.avito.ru/sankt-peterburg/predlozheniya_uslug/sidelka_1899791867
Мини - пансионат для пожилых людей,800  ₽,21 мая 12:57,https://www.avito.ru/sankt-peterburg/predlozheniya_uslug/mini_-_pansionat_dlya_pozhilyh_lyudey_1551120422
Няня,200  ₽,21 мая 12:26,https://www.avito.ru/sankt-peterburg/predlozheniya_uslug/nyanya_1215606321
Няня,500  ₽,21 мая 12:12,https://www.avito.ru/sankt-peterburg/predlozheniya_uslug/nyanya_1933272684
"Няня, Павловск, Пушкин",350  ₽,21 мая 11:42,https://www.avito.ru/sankt-peterburg_pavlovsk/predlozheniya_uslug/nyanya_pavlovsk_pushkin_632606246
Няня для ребёнка,Цена не указана,21 мая 11:17,https://www.avito.ru/sankt-peterburg/predlozheniya_uslug/nyanya_dlya_rebenka_1922577883
Пансионат для пожилых,1 100  ₽,21 мая 10:53,https://www.avito.ru/sankt-peterburg_krasnoye_selo/predlozheniya_uslug/pansionat_dlya_pozhilyh_1806895148
Няня на частичную занятость,250  ₽,21 мая 10:41,https://www.avito.ru/sankt-peterburg/predlozheniya_uslug/nyanya_na_chastichnuyu_zanyatost_949653536
Пансионат для пожилых людей Оранжевый кот,900  ₽,21 мая 09:58,https://www.avito.ru/sankt-peterburg/predlozheniya_uslug/pansionat_dlya_pozhilyh_lyudey_oranzhevyy_kot_1785310308
Няня,250  ₽,21 мая 09:23,https://www.avito.ru/sankt-peterburg/predlozheniya_uslug/nyanya_1915877448
Няня,300  ₽,21 мая 07:38,https://www.avito.ru/sankt-peterburg/predlozheniya_uslug/nyanya_1924559356
Няня,100  ₽,20 мая 21:58,https://www.avito.ru/sankt-peterburg/predlozheniya_uslug/nyanya_1282001568
Авто Няня,500  ₽,20 мая 21:37,https://www.avito.ru/sankt-peterburg/predlozheniya_uslug/avto_nyanya_1513721292
Няня,400  ₽,20 мая 21:14,https://www.avito.ru/sankt-peterburg/predlozheniya_uslug/nyanya_1911491796
Няня сиделка,200  ₽,20 мая 20:16,https://www.avito.ru/sankt-peterburg/predlozheniya_uslug/nyanya_sidelka_1893275808
"Сопровождение(весь необходимый уход, уроки, пригот",Цена не указана,20 мая 19:20,https://www.avito.ru/sankt-peterburg/predlozheniya_uslug/soprovozhdenieves_neobhodimyy_uhod_uroki_prigot_1892328563
Предоставление социальных услуг гражданам,Цена не указана,20 мая 18:10,https://www.avito.ru/sankt-peterburg/predlozheniya_uslug/predostavlenie_sotsialnyh_uslug_grazhdanam_414610144
Няня,300  ₽,20 мая 17:51,https://www.avito.ru/sankt-peterburg/predlozheniya_uslug/nyanya_1883375043
Няня на неделю/день/час,250  ₽,20 мая 16:39,https://www.avito.ru/sankt-peterburg/predlozheniya_uslug/nyanya_na_nedelyudenchas_1913438198
Няня сопровождающая,150  ₽,20 мая 15:06,https://www.avito.ru/sankt-peterburg/predlozheniya_uslug/nyanya_soprovozhdayuschaya_1912590092
Ваша няня,130  ₽,20 мая 14:43,https://www.avito.ru/sankt-peterburg/predlozheniya_uslug/vasha_nyanya_1949134144
Няня,250  ₽,20 мая 13:59,https://www.avito.ru/sankt-peterburg_peterhof/predlozheniya_uslug/nyanya_1926154721
Няня,Цена не указана,20 мая 13:49,https://www.avito.ru/sankt-peterburg/predlozheniya_uslug/nyanya_1920329760
Сиделка,Цена не указана,20 мая 12:37,https://www.avito.ru/sankt-peterburg/predlozheniya_uslug/sidelka_1051659258
Детский сад «Кот учёный»,15 000  ₽,20 мая 12:32,https://www.avito.ru/sankt-peterburg/predlozheniya_uslug/detskiy_sad_kot_uchenyy_1620061666
Няня,150  ₽,20 мая 10:31,https://www.avito.ru/sankt-peterburg/predlozheniya_uslug/nyanya_1941130432
Сиделка с проживанием,Цена не указана,20 мая 10:25,https://www.avito.ru/sankt-peterburg/predlozheniya_uslug/sidelka_s_prozhivaniem_1935246790
Детский садик,100  ₽,20 мая 09:59,https://www.avito.ru/sankt-peterburg/predlozheniya_uslug/detskiy_sadik_1826410595
Няня,100  ₽,20 мая 08:42,https://www.avito.ru/sankt-peterburg/predlozheniya_uslug/nyanya_1916639114
Няня круглосуточно,100  ₽,20 мая 00:50,https://www.avito.ru/sankt-peterburg/predlozheniya_uslug/nyanya_kruglosutochno_1033464201
Детсад-ясли без выходных,12 000  ₽,19 мая 23:16,https://www.avito.ru/sankt-peterburg/predlozheniya_uslug/detsad-yasli_bez_vyhodnyh_1715367481
Няня для ребенка,150  ₽,19 мая 21:59,https://www.avito.ru/sankt-peterburg/predlozheniya_uslug/nyanya_dlya_rebenka_1931024030
Подготовка к школе. Раннее развитие ребенка,600  ₽,19 мая 21:40,https://www.avito.ru/sankt-peterburg/predlozheniya_uslug/podgotovka_k_shkole._rannee_razvitie_rebenka_904981547
Автоняня,350  ₽,19 мая 20:48,https://www.avito.ru/sankt-peterburg_sestroretsk/predlozheniya_uslug/avtonyanya_1880033287
Няня. Гувернантка,250  ₽,19 мая 20:45,https://www.avito.ru/sankt-peterburg/predlozheniya_uslug/nyanya._guvernantka_1318603971
Присмотр за детьми /няня,250  ₽,19 мая 20:08,https://www.avito.ru/sankt-peterburg/predlozheniya_uslug/prismotr_za_detmi_nyanya_1944041546
"Воспитатель, Няня, Сопровождение, Сиделка,Помощник",400  ₽,19 мая 18:05,https://www.avito.ru/sankt-peterburg/predlozheniya_uslug/vospitatel_nyanya_soprovozhdenie_sidelkapomoschnik_762472331
"Няня на час Невский, Кудрово, Красногвардейский",200  ₽,19 мая 17:49,https://www.avito.ru/sankt-peterburg/predlozheniya_uslug/nyanya_na_chas_nevskiy_kudrovo_krasnogvardeyskiy_1912785204
Няня,2 000  ₽,19 мая 17:43,https://www.avito.ru/sankt-peterburg/predlozheniya_uslug/nyanya_1911531120
Няня,Цена не указана,19 мая 17:26,https://www.avito.ru/sankt-peterburg/predlozheniya_uslug/nyanya_1924043602
Няня для ребёнка,270  ₽,19 мая 17:16,https://www.avito.ru/sankt-peterburg/predlozheniya_uslug/nyanya_dlya_rebenka_1011532768
Няня,350  ₽,19 мая 16:16,https://www.avito.ru/sankt-peterburg/predlozheniya_uslug/nyanya_1864224864
"Пансионат ""Озерки""",1 300  ₽,19 мая 15:15,https://www.avito.ru/sankt-peterburg/predlozheniya_uslug/pansionat_ozerki_1919962153
Сиделка,30 000  ₽,19 мая 14:35,https://www.avito.ru/sankt-peterburg/predlozheniya_uslug/sidelka_1949909318
Няня на полный день и неполный,250  ₽,19 мая 14:04,https://www.avito.ru/sankt-peterburg/predlozheniya_uslug/nyanya_na_polnyy_den_i_nepolnyy_1814825169
Детский городской лагерь,680  ₽,19 мая 12:41,https://www.avito.ru/sankt-peterburg/predlozheniya_uslug/detskiy_gorodskoy_lager_1933267817
"Частный Детский Сад ""Колосок""",1 500  ₽,19 мая 11:46,https://www.avito.ru/sankt-peterburg/predlozheniya_uslug/chastnyy_detskiy_sad_kolosok_1533965944
"Сиделка,медсестра",200  ₽,19 мая 10:54,https://www.avito.ru/sankt-peterburg/predlozheniya_uslug/sidelkamedsestra_1808897610
Няня,150  ₽,19 мая 09:56,https://www.avito.ru/sankt-peterburg/predlozheniya_uslug/nyanya_1857014803
Няня,250  ₽,19 мая 09:19,https://www.avito.ru/sankt-peterburg/predlozheniya_uslug/nyanya_1365165456
Сиделки,300  ₽,19 мая 08:02,https://www.avito.ru/sankt-peterburg/predlozheniya_uslug/sidelki_1680944445
Детский частный лагерь,1 300  ₽,19 мая 07:33,https://www.avito.ru/sankt-peterburg/predlozheniya_uslug/detskiy_chastnyy_lager_1911809978
Няня у себя дома или у вас,300  ₽,18 мая 22:21,https://www.avito.ru/sankt-peterburg/predlozheniya_uslug/nyanya_u_sebya_doma_ili_u_vas_203427969
Няня для детей 4-8 лет,200  ₽,18 мая 22:13,https://www.avito.ru/sankt-peterburg/predlozheniya_uslug/nyanya_dlya_detey_4-8_let_1938130687
Няня для ребенка,150  ₽,18 мая 21:33,https://www.avito.ru/sankt-peterburg/predlozheniya_uslug/nyanya_dlya_rebenka_1949316480
Сиделки,200  ₽,18 мая 20:30,https://www.avito.ru/sankt-peterburg/predlozheniya_uslug/sidelki_1853547043
Сиделка по часовая,250  ₽,18 мая 20:21,https://www.avito.ru/sankt-peterburg/predlozheniya_uslug/sidelka_po_chasovaya_1938029332
Услуги няни,250  ₽,18 мая 19:28,https://www.avito.ru/sankt-peterburg/predlozheniya_uslug/uslugi_nyani_1913416414
Няня,Цена не указана,18 мая 18:28,https://www.avito.ru/sankt-peterburg/predlozheniya_uslug/nyanya_1928981193
Няня в карантин,250  ₽,18 мая 17:39,https://www.avito.ru/sankt-peterburg/predlozheniya_uslug/nyanya_v_karantin_1915535949
Няня для Вашего ребёнка,250  ₽,18 мая 15:54,https://www.avito.ru/sankt-peterburg/predlozheniya_uslug/nyanya_dlya_vashego_rebenka_1856969103
"Няня, Автоняня, няня на час, экстренная няня",450  ₽,18 мая 15:48,https://www.avito.ru/sankt-peterburg/predlozheniya_uslug/nyanya_avtonyanya_nyanya_na_chas_ekstrennaya_nyanya_880973582
Сиделка,40 000  ₽,18 мая 15:43,https://www.avito.ru/sankt-peterburg/predlozheniya_uslug/sidelka_1938775178
Погулять с коляской,250  ₽,18 мая 15:21,https://www.avito.ru/sankt-peterburg/predlozheniya_uslug/pogulyat_s_kolyaskoy_1875844716
Автоняня,350  ₽,18 мая 15:14,https://www.avito.ru/sankt-peterburg/predlozheniya_uslug/avtonyanya_998823390
Няня,300  ₽,18 мая 14:21,https://www.avito.ru/sankt-peterburg/predlozheniya_uslug/nyanya_1937488577
Няня в загородном доме,300  ₽,18 мая 14:16,https://www.avito.ru/sankt-peterburg/predlozheniya_uslug/nyanya_v_zagorodnom_dome_1926554654
"Няня, сопровождение",200  ₽,18 мая 12:03,https://www.avito.ru/sankt-peterburg/predlozheniya_uslug/nyanya_soprovozhdenie_1452721213
Сиделки,1  ₽,18 мая 11:17,https://www.avito.ru/sankt-peterburg/predlozheniya_uslug/sidelki_1924882426
Сиделка,1 000  ₽,18 мая 11:10,https://www.avito.ru/sankt-peterburg/predlozheniya_uslug/sidelka_1442909326
Сиделка,Цена не указана,18 мая 10:25,https://www.avito.ru/sankt-peterburg/predlozheniya_uslug/sidelka_1041084337
Няня,300  ₽,18 мая 10:21,https://www.avito.ru/sankt-peterburg/predlozheniya_uslug/nyanya_1794993127
Летняя няня на даче,1 160  ₽,18 мая 10:15,https://www.avito.ru/sankt-peterburg/predlozheniya_uslug/letnyaya_nyanya_na_dache_1309074899
Няня - на лето)(за Город),Цена не указана,18 мая 08:10,https://www.avito.ru/sankt-peterburg/predlozheniya_uslug/nyanya_-_na_letoza_gorod_1894778968
Лучшая няня,Цена не указана,18 мая 07:06,https://www.avito.ru/sankt-peterburg/predlozheniya_uslug/luchshaya_nyanya_1651510075
Помощь пожилым,450  ₽,18 мая 01:17,https://www.avito.ru/sankt-peterburg/predlozheniya_uslug/pomosch_pozhilym_1948129029
"Няня, репетитор, воспитатель",200  ₽,17 мая 23:37,https://www.avito.ru/sankt-peterburg/predlozheniya_uslug/nyanya_repetitor_vospitatel_1036394573
Педагог раннего и дошкольного развития. Подготовка,700  ₽,17 мая 22:29,https://www.avito.ru/sankt-peterburg/predlozheniya_uslug/pedagog_rannego_i_doshkolnogo_razvitiya._podgotovka_906884314
"Услуги няни на дому, экстренной няни",500  ₽,17 мая 21:41,https://www.avito.ru/sankt-peterburg/predlozheniya_uslug/uslugi_nyani_na_domu_ekstrennoy_nyani_1901391804
"Услуги няни (частный детский сад) Просвещения,14/4",20 000  ₽,17 мая 21:37,https://www.avito.ru/sankt-peterburg/predlozheniya_uslug/uslugi_nyani_chastnyy_detskiy_sad_prosvescheniya144_835894445
"Автоняня, няня,репетитор",150  ₽,17 мая 21:23,https://www.avito.ru/sankt-peterburg/predlozheniya_uslug/avtonyanya_nyanyarepetitor_1719576641
Помощь родителям,200  ₽,17 мая 21:16,https://www.avito.ru/sankt-peterburg/predlozheniya_uslug/pomosch_roditelyam_1905683187
Няня/авто-няня на час,300  ₽,17 мая 21:15,https://www.avito.ru/sankt-peterburg/predlozheniya_uslug/nyanyaavto-nyanya_na_chas_1773090363
Сиделка без проживания,1 600  ₽,17 мая 20:50,https://www.avito.ru/sankt-peterburg/predlozheniya_uslug/sidelka_bez_prozhivaniya_1922205851
Няня для ваших детей с проживанием на моей даче,1 500  ₽,17 мая 20:39,https://www.avito.ru/sankt-peterburg/predlozheniya_uslug/nyanya_dlya_vashih_detey_s_prozhivaniem_na_moey_dache_1899267880
Няня для ребёнка,300  ₽,17 мая 18:03,https://www.avito.ru/sankt-peterburg/predlozheniya_uslug/nyanya_dlya_rebenka_1127296833
Няня.сиделка.бесплатный помощник по даче,100  ₽,17 мая 17:49,https://www.avito.ru/sankt-peterburg/predlozheniya_uslug/nyanya.sidelka.besplatnyy_pomoschnik_po_dache_1943740631
Няня на летний период,200  ₽,17 мая 13:57,https://www.avito.ru/sankt-peterburg/predlozheniya_uslug/nyanya_na_letniy_period_1945043949
Няня для детей,250  ₽,17 мая 12:11,https://www.avito.ru/sankt-peterburg/predlozheniya_uslug/nyanya_dlya_detey_1868878705
Услуги няни,300  ₽,17 мая 11:36,https://www.avito.ru/sankt-peterburg/predlozheniya_uslug/uslugi_nyani_1859399382
"Няня, домработница",Цена не указана,17 мая 11:13,https://www.avito.ru/sankt-peterburg/predlozheniya_uslug/nyanya_domrabotnitsa_1830932421
Няня,30 000  ₽,17 мая 10:29,https://www.avito.ru/sankt-peterburg/predlozheniya_uslug/nyanya_1920721211
"Няня на Чернышевской, на Ветеранов, бебиситтер",200  ₽,17 мая 07:51,https://www.avito.ru/sankt-peterburg/predlozheniya_uslug/nyanya_na_chernyshevskoy_na_veteranov_bebisitter_1917967332
Няня,200  ₽,17 мая 01:53,https://www.avito.ru/sankt-peterburg/predlozheniya_uslug/nyanya_1934469194
Няня,180  ₽,16 мая 23:37,https://www.avito.ru/sankt-peterburg/predlozheniya_uslug/nyanya_1593777339
Няня бесплатно,Цена не указана,16 мая 23:26,https://www.avito.ru/sankt-peterburg/predlozheniya_uslug/nyanya_besplatno_1939011447
Няня на неполный рабочий день,300  ₽,16 мая 23:12,https://www.avito.ru/sankt-peterburg/predlozheniya_uslug/nyanya_na_nepolnyy_rabochiy_den_1835849571
"Услуги:воспитательница,или няня",100 000  ₽,16 мая 22:27,https://www.avito.ru/sankt-peterburg_krasnoye_selo/predlozheniya_uslug/uslugivospitatelnitsaili_nyanya_1778026337
"Няня, логопед, репетитор",Цена не указана,16 мая 21:31,https://www.avito.ru/sankt-peterburg/predlozheniya_uslug/nyanya_logoped_repetitor_1897091147
"Няня, няня выходного дня",300  ₽,16 мая 20:52,https://www.avito.ru/sankt-peterburg/predlozheniya_uslug/nyanya_nyanya_vyhodnogo_dnya_1716089513
Няня,250  ₽,16 мая 17:50,https://www.avito.ru/sankt-peterburg/predlozheniya_uslug/nyanya_1591146339
Автоняня,350  ₽,16 мая 17:14,https://www.avito.ru/sankt-peterburg/predlozheniya_uslug/avtonyanya_1837544098
Сиделка. Сиделка с проживанием и без проживания,700  ₽,16 мая 17:10,https://www.avito.ru/sankt-peterburg/predlozheniya_uslug/sidelka._sidelka_s_prozhivaniem_i_bez_prozhivaniya_1813910092
"Автоняня, няня-гувернер",400  ₽,16 мая 16:54,https://www.avito.ru/sankt-peterburg/predlozheniya_uslug/avtonyanya_nyanya-guverner_1912185528
Сиделка,500  ₽,16 мая 15:56,https://www.avito.ru/sankt-peterburg/predlozheniya_uslug/sidelka_1896911055
Услуги няни,250  ₽,16 мая 13:09,https://www.avito.ru/sankt-peterburg_peterhof/predlozheniya_uslug/uslugi_nyani_1872060257
"Няня на час, день, ночь",200  ₽,16 мая 12:11,https://www.avito.ru/sankt-peterburg/predlozheniya_uslug/nyanya_na_chas_den_noch_1823392833
"Воспитатель, няня для вашего ребитёнка",10  ₽,16 мая 11:47,https://www.avito.ru/sankt-peterburg/predlozheniya_uslug/vospitatel_nyanya_dlya_vashego_rebitenka_869224996
Сиделка,Цена не указана,16 мая 10:15,https://www.avito.ru/sankt-peterburg/predlozheniya_uslug/sidelka_709173127
Няня с детьми,250  ₽,16 мая 09:34,https://www.avito.ru/sankt-peterburg_pushkin/predlozheniya_uslug/nyanya_s_detmi_1929828593
Уход За Пожилым Человеком,100  ₽,16 мая 02:45,https://www.avito.ru/sankt-peterburg/predlozheniya_uslug/uhod_za_pozhilym_chelovekom_678471749
Сиделка без проживанием,150  ₽,15 мая 22:43,https://www.avito.ru/sankt-peterburg/predlozheniya_uslug/sidelka_bez_prozhivaniem_1893431741
Няня,250  ₽,15 мая 21:56,https://www.avito.ru/sankt-peterburg/predlozheniya_uslug/nyanya_1918007705
Няня для прогулок с малышом(коляска),300  ₽,15 мая 21:22,https://www.avito.ru/sankt-peterburg/predlozheniya_uslug/nyanya_dlya_progulok_s_malyshomkolyaska_1859033541
"Няня, репетитор",200  ₽,15 мая 20:54,https://www.avito.ru/sankt-peterburg/predlozheniya_uslug/nyanya_repetitor_1137626959
Сиделка,200  ₽,15 мая 20:27,https://www.avito.ru/sankt-peterburg/predlozheniya_uslug/sidelka_1874378816
Автоняня,1 000  ₽,15 мая 18:33,https://www.avito.ru/sankt-peterburg/predlozheniya_uslug/avtonyanya_1885236242
"Услуги няни для ребенка, сопровождение",200  ₽,15 мая 18:16,https://www.avito.ru/sankt-peterburg/predlozheniya_uslug/uslugi_nyani_dlya_rebenka_soprovozhdenie_1812072478
Няня с опытом,Цена не указана,15 мая 17:39,https://www.avito.ru/sankt-peterburg_sestroretsk/predlozheniya_uslug/nyanya_s_opytom_1767043963
Няня на час,150  ₽,15 мая 17:06,https://www.avito.ru/sankt-peterburg/predlozheniya_uslug/nyanya_na_chas_1890569128
Няня экстренная,350  ₽,15 мая 16:55,https://www.avito.ru/sankt-peterburg/predlozheniya_uslug/nyanya_ekstrennaya_897247692
Няня,200  ₽,15 мая 16:29,https://www.avito.ru/sankt-peterburg/predlozheniya_uslug/nyanya_650045105
Няня,200  ₽,15 мая 16:27,https://www.avito.ru/sankt-peterburg_pushkin/predlozheniya_uslug/nyanya_1878622118
Детский сад,1 000  ₽,15 мая 15:40,https://www.avito.ru/sankt-peterburg/predlozheniya_uslug/detskiy_sad_1118881946
Няня/Бебиситтер,250  ₽,15 мая 12:54,https://www.avito.ru/sankt-peterburg/predlozheniya_uslug/nyanyabebisitter_1933609041
Няня,Цена не указана,15 мая 12:52,https://www.avito.ru/sankt-peterburg/predlozheniya_uslug/nyanya_1647163604
Няня,250  ₽,15 мая 12:28,https://www.avito.ru/sankt-peterburg/predlozheniya_uslug/nyanya_1814558925
Няня у себя дома или на вашей территории,170  ₽,15 мая 11:51,https://www.avito.ru/sankt-peterburg/predlozheniya_uslug/nyanya_u_sebya_doma_ili_na_vashey_territorii_1777449819
Няня Пушкин,250  ₽,15 мая 11:44,https://www.avito.ru/sankt-peterburg_pushkin/predlozheniya_uslug/nyanya_pushkin_1917256328
"Гувернантка к ребенку, Няня",300 250  ₽,15 мая 07:02,https://www.avito.ru/sankt-peterburg/predlozheniya_uslug/guvernantka_k_rebenku_nyanya_443972536
Няня,200  ₽,14 мая 23:54,https://www.avito.ru/sankt-peterburg/predlozheniya_uslug/nyanya_1886390607
Няня,Цена не указана,14 мая 23:29,https://www.avito.ru/sankt-peterburg/predlozheniya_uslug/nyanya_1613954712
Няня,250  ₽,14 мая 21:33,https://www.avito.ru/sankt-peterburg/predlozheniya_uslug/nyanya_1909790146
"Няня, для двух девочек",700  ₽,14 мая 21:08,https://www.avito.ru/sankt-peterburg/predlozheniya_uslug/nyanya_dlya_dvuh_devochek_1926441168
Няня,300  ₽,14 мая 20:54,https://www.avito.ru/sankt-peterburg/predlozheniya_uslug/nyanya_1930207774
"Няня, помошник по дому",300  ₽,14 мая 20:54,https://www.avito.ru/sankt-peterburg/predlozheniya_uslug/nyanya_pomoshnik_po_domu_1003315804
Няня круглосуточно (ночь/день ),100  ₽,14 мая 20:05,https://www.avito.ru/sankt-peterburg/predlozheniya_uslug/nyanya_kruglosutochno_nochden_1857513084
Сиделка с проживанием или приходящая,150  ₽,14 мая 18:42,https://www.avito.ru/sankt-peterburg/predlozheniya_uslug/sidelka_s_prozhivaniem_ili_prihodyaschaya_1841323614
Няня на час,250  ₽,14 мая 17:50,https://www.avito.ru/sankt-peterburg_kolpino/predlozheniya_uslug/nyanya_na_chas_1937232350
Няня,250  ₽,14 мая 13:34,https://www.avito.ru/sankt-peterburg/predlozheniya_uslug/nyanya_1935542444
Пансионат для пожилых и лежачих,1 000  ₽,14 мая 13:19,https://www.avito.ru/sankt-peterburg/predlozheniya_uslug/pansionat_dlya_pozhilyh_i_lezhachih_1566332731
Работа няни,300  ₽,14 мая 11:43,https://www.avito.ru/sankt-peterburg/predlozheniya_uslug/rabota_nyani_948403100
Няня 47 лет экстренно -24 на время отпуска полный,300  ₽,14 мая 10:55,https://www.avito.ru/sankt-peterburg/predlozheniya_uslug/nyanya_47_let_ekstrenno_-24_na_vremya_otpuska_polnyy_1871613287
Прогулки с ребенком в Пушкине,300  ₽,14 мая 10:08,https://www.avito.ru/sankt-peterburg/predlozheniya_uslug/progulki_s_rebenkom_v_pushkine_1190443506
Побуду с вашим ребенком,300  ₽,14 мая 09:49,https://www.avito.ru/sankt-peterburg/predlozheniya_uslug/pobudu_s_vashim_rebenkom_1898461284
Няня для ребенка,250  ₽,14 мая 08:46,https://www.avito.ru/sankt-peterburg/predlozheniya_uslug/nyanya_dlya_rebenka_1945178110
Няня,150  ₽,14 мая 08:09,https://www.avito.ru/sankt-peterburg_peterhof/predlozheniya_uslug/nyanya_1848851901
Няня,150  ₽,14 мая 06:41,https://www.avito.ru/sankt-peterburg/predlozheniya_uslug/nyanya_1861257736
Няня на дому,200  ₽,14 мая 06:32,https://www.avito.ru/sankt-peterburg/predlozheniya_uslug/nyanya_na_domu_1886607842
"Авто Няня,Няня",500  ₽,14 мая 05:28,https://www.avito.ru/sankt-peterburg/predlozheniya_uslug/avto_nyanyanyanya_1801463727
Няня ночная и дневная (мусильманка),100  ₽,14 мая 00:06,https://www.avito.ru/sankt-peterburg/predlozheniya_uslug/nyanya_nochnaya_i_dnevnaya_musilmanka_1925734551
"Няня, авто няня, сопровождающяя няня",250  ₽,14 мая 00:05,https://www.avito.ru/sankt-peterburg_lomonosov/predlozheniya_uslug/nyanya_avto_nyanya_soprovozhdayuschyaya_nyanya_1887017818
Няня,300  ₽,13 мая 23:28,https://www.avito.ru/sankt-peterburg/predlozheniya_uslug/nyanya_1216114945
Уход за пожилым человеком,500  ₽,13 мая 23:28,https://www.avito.ru/sankt-peterburg/predlozheniya_uslug/uhod_za_pozhilym_chelovekom_1925618254
Воспитатель-няня для ребёнка,1  ₽,13 мая 23:19,https://www.avito.ru/sankt-peterburg_pushkin/predlozheniya_uslug/vospitatel-nyanya_dlya_rebenka_1837317154
Частный детский сад,15 000  ₽,13 мая 23:05,https://www.avito.ru/sankt-peterburg/predlozheniya_uslug/chastnyy_detskiy_sad_1879079475
Няня на час,200  ₽,13 мая 20:59,https://www.avito.ru/sankt-peterburg/predlozheniya_uslug/nyanya_na_chas_1930178854
Няня на дому,200  ₽,13 мая 19:33,https://www.avito.ru/sankt-peterburg_pushkin/predlozheniya_uslug/nyanya_na_domu_1799557041
"Автоняня, сопровождающая",150  ₽,13 мая 19:13,https://www.avito.ru/sankt-peterburg/predlozheniya_uslug/avtonyanya_soprovozhdayuschaya_1867623671
Green Home пансионат для пожилых,1 200  ₽,13 мая 18:57,https://www.avito.ru/sankt-peterburg_pavlovsk/predlozheniya_uslug/green_home_pansionat_dlya_pozhilyh_466274704
Уход за пожилыми людьми с правом наследования,1  ₽,13 мая 18:23,https://www.avito.ru/sankt-peterburg/predlozheniya_uslug/uhod_za_pozhilymi_lyudmi_s_pravom_nasledovaniya_1911963180
"Предлагаю услуги няни, автоняни",250  ₽,13 мая 18:10,https://www.avito.ru/sankt-peterburg/predlozheniya_uslug/predlagayu_uslugi_nyani_avtonyani_1114383973
Няня,300  ₽,13 мая 17:07,https://www.avito.ru/sankt-peterburg/predlozheniya_uslug/nyanya_1855636209
Сиделка,300  ₽,13 мая 15:39,https://www.avito.ru/sankt-peterburg_krasnoye_selo/predlozheniya_uslug/sidelka_1595037169
Няня по видеосвязи,500  ₽,13 мая 15:18,https://www.avito.ru/sankt-peterburg/predlozheniya_uslug/nyanya_po_videosvyazi_1933369883
"Няня, у себя дома, автоняня",200  ₽,13 мая 14:52,https://www.avito.ru/sankt-peterburg/predlozheniya_uslug/nyanya_u_sebya_doma_avtonyanya_1896078911
Няня сопровождение,200  ₽,13 мая 14:44,https://www.avito.ru/sankt-peterburg/predlozheniya_uslug/nyanya_soprovozhdenie_1838249904
"Няня,няня-гувернёр-помощница",Цена не указана,13 мая 10:23,https://www.avito.ru/sankt-peterburg/predlozheniya_uslug/nyanyanyanya-guverner-pomoschnitsa_1352433185
Услуги няни,250  ₽,13 мая 09:30,https://www.avito.ru/sankt-peterburg/predlozheniya_uslug/uslugi_nyani_1335993810
Няня,100  ₽,13 мая 06:56,https://www.avito.ru/sankt-peterburg/predlozheniya_uslug/nyanya_1453878361
Няня,180  ₽,13 мая 00:55,https://www.avito.ru/sankt-peterburg/predlozheniya_uslug/nyanya_1919110839
Сиделка в своём частном доме,800  ₽,13 мая 00:04,https://www.avito.ru/sankt-peterburg/predlozheniya_uslug/sidelka_v_svoem_chastnom_dome_1891385015
"Сопровождение ребёнка на занятия, мелкие поручения",300  ₽,12 мая 23:13,https://www.avito.ru/sankt-peterburg/predlozheniya_uslug/soprovozhdenie_rebenka_na_zanyatiya_melkie_porucheniya_1291526591
Няня,250  ₽,12 мая 22:37,https://www.avito.ru/sankt-peterburg/predlozheniya_uslug/nyanya_1894227567
Услуги няни,200  ₽,12 мая 20:34,https://www.avito.ru/sankt-peterburg/predlozheniya_uslug/uslugi_nyani_1656414123
Няня с проживанием,300  ₽,12 мая 19:51,https://www.avito.ru/sankt-peterburg/predlozheniya_uslug/nyanya_s_prozhivaniem_1862727267
Сиделка,1 000  ₽,12 мая 18:54,https://www.avito.ru/sankt-peterburg/predlozheniya_uslug/sidelka_1931373975
"Няня,няня к грудничку",60  ₽,12 мая 18:38,https://www.avito.ru/sankt-peterburg/predlozheniya_uslug/nyanyanyanya_k_grudnichku_1894128462
Няня у себя на даче,150  ₽,12 мая 18:27,https://www.avito.ru/sankt-peterburg/predlozheniya_uslug/nyanya_u_sebya_na_dache_1266284131
"Няня ребёнку, сопровождение детей и взрослых",450  ₽,12 мая 18:23,https://www.avito.ru/sankt-peterburg/predlozheniya_uslug/nyanya_rebenku_soprovozhdenie_detey_i_vzroslyh_1191470315
Няня выходного дня,300  ₽,12 мая 18:15,https://www.avito.ru/sankt-peterburg/predlozheniya_uslug/nyanya_vyhodnogo_dnya_1921189925
Сиделка. Уход за пожилыми людьми,25 000  ₽,12 мая 15:43,https://www.avito.ru/sankt-peterburg/predlozheniya_uslug/sidelka._uhod_za_pozhilymi_lyudmi_1919513303
Частный детский сад в Красносельском районе,25 000  ₽,12 мая 14:34,https://www.avito.ru/sankt-peterburg/predlozheniya_uslug/chastnyy_detskiy_sad_v_krasnoselskom_rayone_1415430209
"Экстренная няня, Ночная няня, Педагог по развитию",350  ₽,12 мая 14:27,https://www.avito.ru/sankt-peterburg/predlozheniya_uslug/ekstrennaya_nyanya_nochnaya_nyanya_pedagog_po_razvitiyu_260490645
Няня,250  ₽,12 мая 10:31,https://www.avito.ru/sankt-peterburg/predlozheniya_uslug/nyanya_1922626382
Няня,600  ₽,12 мая 10:18,https://www.avito.ru/sankt-peterburg/predlozheniya_uslug/nyanya_1894776447
Няня на час,199  ₽,12 мая 09:07,https://www.avito.ru/sankt-peterburg/predlozheniya_uslug/nyanya_na_chas_1682928669
Помощник по дому,Цена не указана,12 мая 08:34,https://www.avito.ru/sankt-peterburg/predlozheniya_uslug/pomoschnik_po_domu_1182714976
Услуги сиделки,300  ₽,12 мая 08:05,https://www.avito.ru/sankt-peterburg/predlozheniya_uslug/uslugi_sidelki_1899491862
Няня,100  ₽,12 мая 05:07,https://www.avito.ru/sankt-peterburg/predlozheniya_uslug/nyanya_1816991315
Няня для вашего ребенка,300  ₽,12 мая 02:24,https://www.avito.ru/sankt-peterburg/predlozheniya_uslug/nyanya_dlya_vashego_rebenka_1891966482
Приходящая сиделка,Цена не указана,11 мая 23:34,https://www.avito.ru/sankt-peterburg/predlozheniya_uslug/prihodyaschaya_sidelka_1933788000
Няня выходного дня,200  ₽,11 мая 23:20,https://www.avito.ru/sankt-peterburg/predlozheniya_uslug/nyanya_vyhodnogo_dnya_1866357393
Частный детский сад,Цена не указана,11 мая 23:07,https://www.avito.ru/sankt-peterburg/predlozheniya_uslug/chastnyy_detskiy_sad_1275439854
Летний загородный лагерь Наследник,800  ₽,11 мая 22:31,https://www.avito.ru/sankt-peterburg/predlozheniya_uslug/letniy_zagorodnyy_lager_naslednik_1902219611
Няня,120  ₽,11 мая 22:22,https://www.avito.ru/sankt-peterburg_kolpino/predlozheniya_uslug/nyanya_1916413560
Няня/ экстренная няня,300  ₽,11 мая 22:14,https://www.avito.ru/sankt-peterburg/predlozheniya_uslug/nyanya_ekstrennaya_nyanya_1894551084
Присмотрю за вашим котёнком,650  ₽,11 мая 22:13,https://www.avito.ru/sankt-peterburg/predlozheniya_uslug/prismotryu_za_vashim_kotenkom_1897380093
Сопровождение деток помощь пожилым,1 500  ₽,11 мая 21:51,https://www.avito.ru/sankt-peterburg/predlozheniya_uslug/soprovozhdenie_detok_pomosch_pozhilym_1830699669
Няня,100  ₽,11 мая 20:57,https://www.avito.ru/sankt-peterburg/predlozheniya_uslug/nyanya_1946290652
Няня к ребенку,250  ₽,11 мая 19:10,https://www.avito.ru/sankt-peterburg/predlozheniya_uslug/nyanya_k_rebenku_1887264367
Предлагаю услуги няни,180  ₽,11 мая 18:59,https://www.avito.ru/sankt-peterburg_kolpino/predlozheniya_uslug/predlagayu_uslugi_nyani_1213366912
"Сиделка,дипломированный специалист",400  ₽,11 мая 18:24,https://www.avito.ru/sankt-peterburg/predlozheniya_uslug/sidelkadiplomirovannyy_spetsialist_1039799688
Няня,35 000  ₽,11 мая 18:20,https://www.avito.ru/sankt-peterburg/predlozheniya_uslug/nyanya_1876978767
Няня на дому,200  ₽,11 мая 18:15,https://www.avito.ru/sankt-peterburg/predlozheniya_uslug/nyanya_na_domu_1764637301
"Няня,репетитор на время каникул",1 000  ₽,11 мая 18:04,https://www.avito.ru/sankt-peterburg/predlozheniya_uslug/nyanyarepetitor_na_vremya_kanikul_1892434841
Няня,250  ₽,11 мая 17:09,https://www.avito.ru/sankt-peterburg/predlozheniya_uslug/nyanya_1924130660
Детское развитие,Цена не указана,11 мая 17:00,https://www.avito.ru/sankt-peterburg/predlozheniya_uslug/detskoe_razvitie_1946079643
Сиделка,200  ₽,11 мая 16:34,https://www.avito.ru/sankt-peterburg/predlozheniya_uslug/sidelka_1269241296
Няня,120  ₽,11 мая 16:24,https://www.avito.ru/sankt-peterburg/predlozheniya_uslug/nyanya_1243351729
Няня,200  ₽,11 мая 12:44,https://www.avito.ru/sankt-peterburg/predlozheniya_uslug/nyanya_902925585
Няня - медик,350  ₽,11 мая 10:40,https://www.avito.ru/sankt-peterburg/predlozheniya_uslug/nyanya_-_medik_930105938
Няня авто-няня,200  ₽,11 мая 09:17,https://www.avito.ru/sankt-peterburg_krasnoye_selo/predlozheniya_uslug/nyanya_avto-nyanya_1273282365
Няня,350  ₽,11 мая 05:16,https://www.avito.ru/sankt-peterburg_pushkin/predlozheniya_uslug/nyanya_1844138101
Няня со знанием английского языка,250  ₽,11 мая 02:32,https://www.avito.ru/sankt-peterburg/predlozheniya_uslug/nyanya_so_znaniem_angliyskogo_yazyka_1686182893
Няня для вашего ребенка,300  ₽,11 мая 01:39,https://www.avito.ru/sankt-peterburg/predlozheniya_uslug/nyanya_dlya_vashego_rebenka_1904118110
Няня для детей,250  ₽,11 мая 01:20,https://www.avito.ru/sankt-peterburg/predlozheniya_uslug/nyanya_dlya_detey_1921117208
«Патронажная служба Заботливая Душа»,400  ₽,10 мая 23:58,https://www.avito.ru/sankt-peterburg/predlozheniya_uslug/patronazhnaya_sluzhba_zabotlivaya_dusha_1859967350
Сиделка,Цена не указана,10 мая 23:02,https://www.avito.ru/sankt-peterburg/predlozheniya_uslug/sidelka_1877620377
Подготовка к школе. Помощь с уроками. Няня,Цена не указана,10 мая 22:30,https://www.avito.ru/sankt-peterburg/predlozheniya_uslug/podgotovka_k_shkole._pomosch_s_urokami._nyanya_853958926
Автоняня / Няня,300  ₽,10 мая 22:23,https://www.avito.ru/sankt-peterburg/predlozheniya_uslug/avtonyanya_nyanya_1792184539
Сиделка,250  ₽,10 мая 22:14,https://www.avito.ru/sankt-peterburg/predlozheniya_uslug/sidelka_1910451209
Няня для детей от 3 лет,300  ₽,10 мая 21:27,https://www.avito.ru/sankt-peterburg/predlozheniya_uslug/nyanya_dlya_detey_ot_3_let_1936713245
"Детский сад, Фрунзенская",Цена не указана,10 мая 21:06,https://www.avito.ru/sankt-peterburg/predlozheniya_uslug/detskiy_sad_frunzenskaya_1852064123
Няня от часа до нескольких суток,300  ₽,10 мая 20:53,https://www.avito.ru/sankt-peterburg/predlozheniya_uslug/nyanya_ot_chasa_do_neskolkih_sutok_1891229529
"Пансионат для пожилых людей ""Гармония""",1 000  ₽,10 мая 20:34,https://www.avito.ru/sankt-peterburg_pushkin/predlozheniya_uslug/pansionat_dlya_pozhilyh_lyudey_garmoniya_1299704894
"Няня, педагог",200  ₽,10 мая 20:01,https://www.avito.ru/sankt-peterburg/predlozheniya_uslug/nyanya_pedagog_1922351042
"Няня, няня на лето, няня на дачу",150  ₽,10 мая 19:30,https://www.avito.ru/sankt-peterburg/predlozheniya_uslug/nyanya_nyanya_na_leto_nyanya_na_dachu_1768012735
"Автоняня,няня",300  ₽,10 мая 18:21,https://www.avito.ru/sankt-peterburg/predlozheniya_uslug/avtonyanyanyanya_286769329
Няня,300  ₽,10 мая 17:59,https://www.avito.ru/sankt-peterburg/predlozheniya_uslug/nyanya_1259373227
Предлагаю услуги няни. имею медико/педагогическое,300  ₽,10 мая 16:55,https://www.avito.ru/sankt-peterburg/predlozheniya_uslug/predlagayu_uslugi_nyani._imeyu_medikopedagogicheskoe_1928306650
Няня на частичную занятость,200  ₽,10 мая 16:55,https://www.avito.ru/sankt-peterburg/predlozheniya_uslug/nyanya_na_chastichnuyu_zanyatost_1861629861
Няня,200  ₽,10 мая 16:55,https://www.avito.ru/sankt-peterburg/predlozheniya_uslug/nyanya_1035675271
Няня-гувернантка /автоняня,350  ₽,10 мая 16:36,https://www.avito.ru/sankt-peterburg/predlozheniya_uslug/nyanya-guvernantka_avtonyanya_891153156
Летние каникулы 2020 для детей 7-15 лет,2 200  ₽,10 мая 15:40,https://www.avito.ru/sankt-peterburg/predlozheniya_uslug/letnie_kanikuly_2020_dlya_detey_7-15_let_1902246228
Автоняня,Цена не указана,10 мая 14:58,https://www.avito.ru/sankt-peterburg/predlozheniya_uslug/avtonyanya_1817874551
Няня,170  ₽,10 мая 14:04,https://www.avito.ru/sankt-peterburg/predlozheniya_uslug/nyanya_1901398048
Компаньонка,Цена не указана,10 мая 13:57,https://www.avito.ru/sankt-peterburg/predlozheniya_uslug/kompanonka_1923805867
Няня у себя на дому,200  ₽,10 мая 12:24,https://www.avito.ru/sankt-peterburg/predlozheniya_uslug/nyanya_u_sebya_na_domu_983160389
Детский частный ясли сад,1 000  ₽,10 мая 12:01,https://www.avito.ru/sankt-peterburg/predlozheniya_uslug/detskiy_chastnyy_yasli_sad_849051523
Погуляю с Вашим ребёнок в дневное время,500  ₽,10 мая 02:21,https://www.avito.ru/sankt-peterburg/predlozheniya_uslug/pogulyayu_s_vashim_rebenok_v_dnevnoe_vremya_1898962866
Няня / Семеиная памошница,Цена не указана,10 мая 00:01,https://www.avito.ru/sankt-peterburg/predlozheniya_uslug/nyanya_semeinaya_pamoshnitsa_1421375350
"Услуги Сиделки приходящей, Сиделка с проживанием",700  ₽,9 мая 23:31,https://www.avito.ru/sankt-peterburg/predlozheniya_uslug/uslugi_sidelki_prihodyaschey_sidelka_s_prozhivaniem_1833392420
"Няня с опытом работы, у себя дома",150  ₽,9 мая 22:32,https://www.avito.ru/sankt-peterburg/predlozheniya_uslug/nyanya_s_opytom_raboty_u_sebya_doma_1816066379
"Няня, на час Рыбацкое",250  ₽,9 мая 21:36,https://www.avito.ru/sankt-peterburg/predlozheniya_uslug/nyanya_na_chas_rybatskoe_531890127
"Няня ночная и дневная для Малышей, няня в ночь",350  ₽,9 мая 19:38,https://www.avito.ru/sankt-peterburg/predlozheniya_uslug/nyanya_nochnaya_i_dnevnaya_dlya_malyshey_nyanya_v_noch_1759782623
Предложение услуг няни и сиделки,300  ₽,9 мая 18:56,https://www.avito.ru/sankt-peterburg/predlozheniya_uslug/predlozhenie_uslug_nyani_i_sidelki_827283472
"Няня сопровождающая, экстренная",250  ₽,9 мая 15:55,https://www.avito.ru/sankt-peterburg/predlozheniya_uslug/nyanya_soprovozhdayuschaya_ekstrennaya_1905737098
Услуги няни,350  ₽,9 мая 14:20,https://www.avito.ru/sankt-peterburg/predlozheniya_uslug/uslugi_nyani_1810850099
"Няня день, ночь",100  ₽,9 мая 11:07,https://www.avito.ru/sankt-peterburg/predlozheniya_uslug/nyanya_den_noch_1797304103
Няня,300  ₽,9 мая 09:27,https://www.avito.ru/sankt-peterburg/predlozheniya_uslug/nyanya_1916614521
Посижу с ребенком,150  ₽,9 мая 09:24,https://www.avito.ru/sankt-peterburg/predlozheniya_uslug/posizhu_s_rebenkom_767452712
Няня,250  ₽,9 мая 03:12,https://www.avito.ru/sankt-peterburg/predlozheniya_uslug/nyanya_1799032503
Няня,230  ₽,9 мая 00:15,https://www.avito.ru/sankt-peterburg/predlozheniya_uslug/nyanya_1500761397
Помощница по хозяйству,200  ₽,8 мая 22:03,https://www.avito.ru/sankt-peterburg/predlozheniya_uslug/pomoschnitsa_po_hozyaystvu_1094035899
Няня,300  ₽,8 мая 21:56,https://www.avito.ru/sankt-peterburg/predlozheniya_uslug/nyanya_770684293
Няня,50 000  ₽,8 мая 21:07,https://www.avito.ru/sankt-peterburg/predlozheniya_uslug/nyanya_1911530849
Вечерняя няня для детей,200  ₽,8 мая 20:10,https://www.avito.ru/sankt-peterburg/predlozheniya_uslug/vechernyaya_nyanya_dlya_detey_1895679618
Няня,300  ₽,8 мая 17:57,https://www.avito.ru/sankt-peterburg/predlozheniya_uslug/nyanya_246532276
Домашний персонал,300  ₽,8 мая 16:07,https://www.avito.ru/sankt-peterburg/predlozheniya_uslug/domashniy_personal_1939298587
Няня для ребёнка,150  ₽,8 мая 15:41,https://www.avito.ru/sankt-peterburg/predlozheniya_uslug/nyanya_dlya_rebenka_1902640828
Няня,200  ₽,8 мая 14:18,https://www.avito.ru/sankt-peterburg/predlozheniya_uslug/nyanya_954723436
Сиделка с проживанием,Цена не указана,8 мая 14:06,https://www.avito.ru/sankt-peterburg/predlozheniya_uslug/sidelka_s_prozhivaniem_1804226844
Сиделка приходящая,150  ₽,8 мая 11:43,https://www.avito.ru/sankt-peterburg/predlozheniya_uslug/sidelka_prihodyaschaya_1919988099
Сиделка медсестра,18 000  ₽,8 мая 11:36,https://www.avito.ru/sankt-peterburg/predlozheniya_uslug/sidelka_medsestra_1166354217
Уход за детьми и старыми людьми,100  ₽,8 мая 11:31,https://www.avito.ru/sankt-peterburg/predlozheniya_uslug/uhod_za_detmi_i_starymi_lyudmi_1145363508
"Помощница по хозяйству,компаньонка",Цена не указана,8 мая 10:08,https://www.avito.ru/sankt-peterburg/predlozheniya_uslug/pomoschnitsa_po_hozyaystvukompanonka_1930488393
Няня на неполный рабочий день,300  ₽,8 мая 09:17,https://www.avito.ru/sankt-peterburg/predlozheniya_uslug/nyanya_na_nepolnyy_rabochiy_den_950046102
"Няни, сиделки",300  ₽,8 мая 07:22,https://www.avito.ru/sankt-peterburg/predlozheniya_uslug/nyani_sidelki_1947385670
Няня на вечер и выходные,150  ₽,7 мая 23:44,https://www.avito.ru/sankt-peterburg/predlozheniya_uslug/nyanya_na_vecher_i_vyhodnye_1794291296
Загородный детский сад,150  ₽,7 мая 23:22,https://www.avito.ru/sankt-peterburg_sestroretsk/predlozheniya_uslug/zagorodnyy_detskiy_sad_1901907352
Автоняня Анна,350  ₽,7 мая 23:10,https://www.avito.ru/sankt-peterburg/predlozheniya_uslug/avtonyanya_anna_715158177
Детский Сад на Комендантском,300  ₽,7 мая 23:02,https://www.avito.ru/sankt-peterburg/predlozheniya_uslug/detskiy_sad_na_komendantskom_1902637991
"Автоняня, няня для ваших детей",300  ₽,7 мая 20:38,https://www.avito.ru/sankt-peterburg/predlozheniya_uslug/avtonyanya_nyanya_dlya_vashih_detey_1796627922
"Няня, подготовка к школе,развивающие занятия детям",150  ₽,7 мая 19:51,https://www.avito.ru/sankt-peterburg/predlozheniya_uslug/nyanya_podgotovka_k_shkolerazvivayuschie_zanyatiya_detyam_1820802665
"Няня, автоняня",Цена не указана,7 мая 19:07,https://www.avito.ru/sankt-peterburg_krasnoye_selo/predlozheniya_uslug/nyanya_avtonyanya_1948950511
Няня для Вашего ребенка,Цена не указана,7 мая 18:22,https://www.avito.ru/sankt-peterburg/predlozheniya_uslug/nyanya_dlya_vashego_rebenka_490511893
Няня на час или на постоянку,150  ₽,7 мая 18:06,https://www.avito.ru/sankt-peterburg/predlozheniya_uslug/nyanya_na_chas_ili_na_postoyanku_1617361425
Частный детский сад сеть в будни и выходные дни,18 000  ₽,7 мая 17:14,https://www.avito.ru/sankt-peterburg/predlozheniya_uslug/chastnyy_detskiy_sad_set_v_budni_i_vyhodnye_dni_976062594
Репетитор начальных классов/няня,400  ₽,7 мая 16:31,https://www.avito.ru/sankt-peterburg/predlozheniya_uslug/repetitor_nachalnyh_klassovnyanya_1869720349
"Няня- сопровождающая, неполный день",250  ₽,7 мая 16:29,https://www.avito.ru/sankt-peterburg/predlozheniya_uslug/nyanya-_soprovozhdayuschaya_nepolnyy_den_1919975105
Сопровождающая няня,300  ₽,7 мая 16:09,https://www.avito.ru/sankt-peterburg/predlozheniya_uslug/soprovozhdayuschaya_nyanya_1195551939
Авто няня,300  ₽,7 мая 15:07,https://www.avito.ru/sankt-peterburg/predlozheniya_uslug/avto_nyanya_1799845117
Няня выходного дня,350  ₽,7 мая 14:33,https://www.avito.ru/sankt-peterburg/predlozheniya_uslug/nyanya_vyhodnogo_dnya_1777896185
Няня,200  ₽,7 мая 14:29,https://www.avito.ru/sankt-peterburg/predlozheniya_uslug/nyanya_1230980687
"Помощница с детьми, присмотр за детьми",200  ₽,7 мая 12:47,https://www.avito.ru/sankt-peterburg/predlozheniya_uslug/pomoschnitsa_s_detmi_prismotr_za_detmi_1919949279
Няня для ребенка,Цена не указана,7 мая 12:06,https://www.avito.ru/sankt-peterburg/predlozheniya_uslug/nyanya_dlya_rebenka_1903351678
"Няня - Воспитатель,няня-педагог",350  ₽,7 мая 11:06,https://www.avito.ru/sankt-peterburg/predlozheniya_uslug/nyanya_-_vospitatelnyanya-pedagog_1034244825
Частный детский сад Приморский район,15 000  ₽,7 мая 11:05,https://www.avito.ru/sankt-peterburg/predlozheniya_uslug/chastnyy_detskiy_sad_primorskiy_rayon_1202032234
Услуги сопровождающей няни,250  ₽,7 мая 05:31,https://www.avito.ru/sankt-peterburg/predlozheniya_uslug/uslugi_soprovozhdayuschey_nyani_1845635412
Няня,250  ₽,6 мая 23:00,https://www.avito.ru/sankt-peterburg/predlozheniya_uslug/nyanya_1795760844
Сопровождение детей из школы/детского сада,300  ₽,6 мая 21:38,https://www.avito.ru/sankt-peterburg/predlozheniya_uslug/soprovozhdenie_detey_iz_shkolydetskogo_sada_1818669470
Услуги няни для ребенка,300  ₽,6 мая 20:39,https://www.avito.ru/sankt-peterburg/predlozheniya_uslug/uslugi_nyani_dlya_rebenka_1845410193
Няня,250  ₽,6 мая 20:26,https://www.avito.ru/sankt-peterburg/predlozheniya_uslug/nyanya_1798395559
Няня,250  ₽,6 мая 20:14,https://www.avito.ru/sankt-peterburg/predlozheniya_uslug/nyanya_1888996059
Пансионат. Частный дом по уходу за престарелыми,650  ₽,6 мая 19:38,https://www.avito.ru/sankt-peterburg_kolpino/predlozheniya_uslug/pansionat._chastnyy_dom_po_uhodu_za_prestarelymi_1854221643
Сиделка,300  ₽,6 мая 18:36,https://www.avito.ru/sankt-peterburg/predlozheniya_uslug/sidelka_1554586461
"Няня,автоняня",300  ₽,6 мая 18:19,https://www.avito.ru/sankt-peterburg/predlozheniya_uslug/nyanyaavtonyanya_1894156689
Няня для ребёнка,100  ₽,6 мая 17:38,https://www.avito.ru/sankt-peterburg/predlozheniya_uslug/nyanya_dlya_rebenka_1833350265
Сиделка в Санкт-Петербурге (Служба сиделок),800  ₽,6 мая 16:06,https://www.avito.ru/sankt-peterburg/predlozheniya_uslug/sidelka_v_sankt-peterburge_sluzhba_sidelok_1840531829
Окажем помощь по уходу за пожилыми людьми,Цена не указана,6 мая 15:44,https://www.avito.ru/sankt-peterburg/predlozheniya_uslug/okazhem_pomosch_po_uhodu_za_pozhilymi_lyudmi_855683304
Няня,150  ₽,6 мая 15:43,https://www.avito.ru/sankt-peterburg/predlozheniya_uslug/nyanya_1852236799
Сиделка приходящая,300  ₽,6 мая 15:30,https://www.avito.ru/sankt-peterburg/predlozheniya_uslug/sidelka_prihodyaschaya_1921896606
"Предлагаю услуги, сиделка с проживанием или приход",Цена не указана,6 мая 12:41,https://www.avito.ru/sankt-peterburg/predlozheniya_uslug/predlagayu_uslugi_sidelka_s_prozhivaniem_ili_prihod_1213175070
"Няня, авто-няня, детский психолог",350  ₽,6 мая 12:33,https://www.avito.ru/sankt-peterburg/predlozheniya_uslug/nyanya_avto-nyanya_detskiy_psiholog_1778035138
"Няня, домашний садик",1 000  ₽,6 мая 12:14,https://www.avito.ru/sankt-peterburg/predlozheniya_uslug/nyanya_domashniy_sadik_848046555
Домашний детский сад,16 500  ₽,6 мая 11:12,https://www.avito.ru/sankt-peterburg/predlozheniya_uslug/domashniy_detskiy_sad_705246060
"Няня/автоняня (отведу в школу/садик/кружки,заберу)",250  ₽,6 мая 10:01,https://www.avito.ru/sankt-peterburg/predlozheniya_uslug/nyanyaavtonyanya_otvedu_v_shkolusadikkruzhkizaberu_1278847446
Няня,250  ₽,6 мая 07:23,https://www.avito.ru/sankt-peterburg/predlozheniya_uslug/nyanya_1171149330
Няня Юго-запад,221  ₽,6 мая 01:33,https://www.avito.ru/sankt-peterburg_peterhof/predlozheniya_uslug/nyanya_yugo-zapad_1909076735
Няня,125  ₽,6 мая 00:06,https://www.avito.ru/sankt-peterburg/predlozheniya_uslug/nyanya_1791661006
"Автоняня, сопровождение пожилых, курьер",300  ₽,5 мая 23:33,https://www.avito.ru/sankt-peterburg/predlozheniya_uslug/avtonyanya_soprovozhdenie_pozhilyh_kurer_1859608941
По уходу за пожилым или инвалидом,Цена не указана,5 мая 23:25,https://www.avito.ru/sankt-peterburg/predlozheniya_uslug/po_uhodu_za_pozhilym_ili_invalidom_1887904119
Няня к вашему ребенку,250  ₽,5 мая 23:03,https://www.avito.ru/sankt-peterburg/predlozheniya_uslug/nyanya_k_vashemu_rebenku_822321791
"Няня, Репетитор (дошкольное образование)",320  ₽,5 мая 20:50,https://www.avito.ru/sankt-peterburg/predlozheniya_uslug/nyanya_repetitor_doshkolnoe_obrazovanie_1899899767
Няня-бабушка,200  ₽,5 мая 18:05,https://www.avito.ru/sankt-peterburg/predlozheniya_uslug/nyanya-babushka_1940183492
Сиделка-компаньон,Цена не указана,5 мая 16:00,https://www.avito.ru/sankt-peterburg/predlozheniya_uslug/sidelka-kompanon_1861412295
Няня Богатырский Туристская,200  ₽,5 мая 15:50,https://www.avito.ru/sankt-peterburg/predlozheniya_uslug/nyanya_bogatyrskiy_turistskaya_1886686050
Сиделка,Цена не указана,5 мая 15:07,https://www.avito.ru/sankt-peterburg/predlozheniya_uslug/sidelka_1847719803
Сиделка на дом/ в больницу без проживания,1 000  ₽,5 мая 14:50,https://www.avito.ru/sankt-peterburg/predlozheniya_uslug/sidelka_na_dom_v_bolnitsu_bez_prozhivaniya_1900210151
Няня,300  ₽,5 мая 14:39,https://www.avito.ru/sankt-peterburg/predlozheniya_uslug/nyanya_1381227778
Сиделка,5 000  ₽,5 мая 12:24,https://www.avito.ru/sankt-peterburg/predlozheniya_uslug/sidelka_1840247234
Няня,45 000  ₽,5 мая 11:57,https://www.avito.ru/sankt-peterburg/predlozheniya_uslug/nyanya_1296224000
Няня,170  ₽,5 мая 11:16,https://www.avito.ru/sankt-peterburg_pushkin/predlozheniya_uslug/nyanya_1541770364
Няня,250  ₽,5 мая 10:20,https://www.avito.ru/sankt-peterburg/predlozheniya_uslug/nyanya_1843143362
Няня,150  ₽,5 мая 09:35,https://www.avito.ru/sankt-peterburg/predlozheniya_uslug/nyanya_1938575231
Пока на Удаленке.Запишите-пригодится,300  ₽,5 мая 08:42,https://www.avito.ru/sankt-peterburg/predlozheniya_uslug/poka_na_udalenke.zapishite-prigoditsya_1719806443
"Няня,репетитор,гувернантка",300  ₽,4 мая 23:49,https://www.avito.ru/sankt-peterburg/predlozheniya_uslug/nyanyarepetitorguvernantka_1533498639
Няня для ребенка,100  ₽,4 мая 22:23,https://www.avito.ru/sankt-peterburg/predlozheniya_uslug/nyanya_dlya_rebenka_1777232145
Няня,200  ₽,4 мая 19:47,https://www.avito.ru/sankt-peterburg/predlozheniya_uslug/nyanya_1418277511
Няня для детей,200  ₽,4 мая 18:19,https://www.avito.ru/sankt-peterburg/predlozheniya_uslug/nyanya_dlya_detey_1909326174
Шопинг Няня,500  ₽,4 мая 17:35,https://www.avito.ru/sankt-peterburg/predlozheniya_uslug/shoping_nyanya_1883459510
"Няня для ребёнка, гувернантка",300  ₽,4 мая 17:18,https://www.avito.ru/sankt-peterburg/predlozheniya_uslug/nyanya_dlya_rebenka_guvernantka_1927617323
Няня / Помощница по дому,300  ₽,4 мая 15:12,https://www.avito.ru/sankt-peterburg/predlozheniya_uslug/nyanya_pomoschnitsa_po_domu_1883513066
Сиделка,250  ₽,4 мая 14:51,https://www.avito.ru/sankt-peterburg/predlozheniya_uslug/sidelka_1893373737
Помощница,500  ₽,4 мая 14:35,https://www.avito.ru/sankt-peterburg/predlozheniya_uslug/pomoschnitsa_1712410469
Сиделка за пожилым человеком,15 000  ₽,4 мая 14:34,https://www.avito.ru/sankt-peterburg/predlozheniya_uslug/sidelka_za_pozhilym_chelovekom_1138236283
Сиделка на2-3часа,600  ₽,4 мая 12:59,https://www.avito.ru/sankt-peterburg/predlozheniya_uslug/sidelka_na2-3chasa_1892243980
Няня круглосуточно,13 000  ₽,4 мая 11:08,https://www.avito.ru/sankt-peterburg/predlozheniya_uslug/nyanya_kruglosutochno_1847502642
Няня для деток с аллергией и без нее. М. Звездная,250  ₽,4 мая 08:03,https://www.avito.ru/sankt-peterburg/predlozheniya_uslug/nyanya_dlya_detok_s_allergiey_i_bez_nee._m._zvezdnaya_1495729979
Уход за больными. Услуги сиделки,300  ₽,4 мая 00:23,https://www.avito.ru/sankt-peterburg/predlozheniya_uslug/uhod_za_bolnymi._uslugi_sidelki_1848421887
Экстренная няня,300  ₽,3 мая 23:04,https://www.avito.ru/sankt-peterburg/predlozheniya_uslug/ekstrennaya_nyanya_1109789067
"Автоняня, няня, личный помощник",300  ₽,3 мая 21:49,https://www.avito.ru/sankt-peterburg/predlozheniya_uslug/avtonyanya_nyanya_lichnyy_pomoschnik_1482363459
Сопровождающая няня,250  ₽,3 мая 21:29,https://www.avito.ru/sankt-peterburg/predlozheniya_uslug/soprovozhdayuschaya_nyanya_1840961733
Посижу с вашим ребенком,170  ₽,3 мая 21:17,https://www.avito.ru/sankt-peterburg/predlozheniya_uslug/posizhu_s_vashim_rebenkom_729285030
Няня носитель французского языка,500  ₽,3 мая 20:52,https://www.avito.ru/sankt-peterburg/predlozheniya_uslug/nyanya_nositel_frantsuzskogo_yazyka_1390352334
Няня для ребенка,300  ₽,3 мая 17:55,https://www.avito.ru/sankt-peterburg/predlozheniya_uslug/nyanya_dlya_rebenka_1186046329
Няня на час,200  ₽,3 мая 17:11,https://www.avito.ru/sankt-peterburg/predlozheniya_uslug/nyanya_na_chas_1886849686
Сиделка. Компаньонка,500  ₽,3 мая 13:58,https://www.avito.ru/sankt-peterburg/predlozheniya_uslug/sidelka._kompanonka_1892767253
Детский сад для маленьких принцесс в Славянке,16 000  ₽,3 мая 13:16,https://www.avito.ru/sankt-peterburg/predlozheniya_uslug/detskiy_sad_dlya_malenkih_printsess_v_slavyanke_1366109648
Няня-педагог,Цена не указана,3 мая 11:04,https://www.avito.ru/sankt-peterburg/predlozheniya_uslug/nyanya-pedagog_1823783593
Домашний персонал сиделки,Цена не указана,3 мая 10:22,https://www.avito.ru/sankt-peterburg/predlozheniya_uslug/domashniy_personal_sidelki_1197694029
Няня,250  ₽,3 мая 10:17,https://www.avito.ru/sankt-peterburg/predlozheniya_uslug/nyanya_1801085258
Частный детский сад,17 000  ₽,3 мая 10:15,https://www.avito.ru/sankt-peterburg/predlozheniya_uslug/chastnyy_detskiy_sad_1603698125
Экстренная няня/ няня на час/ сопровождающая няня,150  ₽,3 мая 00:54,https://www.avito.ru/sankt-peterburg/predlozheniya_uslug/ekstrennaya_nyanya_nyanya_na_chas_soprovozhdayuschaya_nyanya_1919002293
Уход за больными (пожилыми) людьми,Цена не указана,3 мая 00:52,https://www.avito.ru/sankt-peterburg/predlozheniya_uslug/uhod_za_bolnymi_pozhilymi_lyudmi_1883175557
Сиделка.Услуги сиделки,30 000  ₽,2 мая 23:21,https://www.avito.ru/sankt-peterburg_krasnoye_selo/predlozheniya_uslug/sidelka.uslugi_sidelki_1939657142
Няня,Цена не указана,2 мая 23:08,https://www.avito.ru/sankt-peterburg/predlozheniya_uslug/nyanya_1822526713
Няня на дому,150  ₽,2 мая 22:40,https://www.avito.ru/sankt-peterburg/predlozheniya_uslug/nyanya_na_domu_1134702758
Сиделка,500  ₽,2 мая 21:49,https://www.avito.ru/sankt-peterburg/predlozheniya_uslug/sidelka_1921581358
Няни,150  ₽,2 мая 21:16,https://www.avito.ru/sankt-peterburg/predlozheniya_uslug/nyani_1892396774
Автоняня,350  ₽,2 мая 21:13,https://www.avito.ru/sankt-peterburg/predlozheniya_uslug/avtonyanya_1886835539
Набор в детскую группу-пансион,1  ₽,2 мая 20:26,https://www.avito.ru/sankt-peterburg_pushkin/predlozheniya_uslug/nabor_v_detskuyu_gruppu-pansion_1943164535
Услуги сиделки с опытом (служба Сиделка),990  ₽,2 мая 20:03,https://www.avito.ru/sankt-peterburg/predlozheniya_uslug/uslugi_sidelki_s_opytom_sluzhba_sidelka_1853861898
Дежурный папа,300  ₽,2 мая 18:55,https://www.avito.ru/sankt-peterburg/predlozheniya_uslug/dezhurnyy_papa_1912299751
Няня на час/ автоняня/ сопровождение,350  ₽,2 мая 17:42,https://www.avito.ru/sankt-peterburg/predlozheniya_uslug/nyanya_na_chas_avtonyanya_soprovozhdenie_1901641138
Няня,250  ₽,2 мая 16:25,https://www.avito.ru/sankt-peterburg/predlozheniya_uslug/nyanya_1154567375
Няня,500  ₽,2 мая 16:07,https://www.avito.ru/sankt-peterburg/predlozheniya_uslug/nyanya_1888990231
Няня,250  ₽,2 мая 15:40,https://www.avito.ru/sankt-peterburg/predlozheniya_uslug/nyanya_1170640549
Возьмусь досматривать за жилье вспб,Цена не указана,2 мая 15:34,https://www.avito.ru/sankt-peterburg/predlozheniya_uslug/vozmus_dosmatrivat_za_zhile_vspb_1883163799
Няня с опытом,200  ₽,2 мая 14:41,https://www.avito.ru/sankt-peterburg/predlozheniya_uslug/nyanya_s_opytom_1809507336
"Няня в сопровождение м.Купчино, Московская, Звездн",450  ₽,2 мая 13:01,https://www.avito.ru/sankt-peterburg_pushkin/predlozheniya_uslug/nyanya_v_soprovozhdenie_m.kupchino_moskovskaya_zvezdn_1024210823
Автоняня,250  ₽,2 мая 09:57,https://www.avito.ru/sankt-peterburg/predlozheniya_uslug/avtonyanya_1877121584
Няня,170  ₽,2 мая 00:10,https://www.avito.ru/sankt-peterburg/predlozheniya_uslug/nyanya_1855181548
Няня- помощница по хозяйству,400  ₽,1 мая 23:37,https://www.avito.ru/sankt-peterburg/predlozheniya_uslug/nyanya-_pomoschnitsa_po_hozyaystvu_644305718
Няня,250  ₽,1 мая 22:29,https://www.avito.ru/sankt-peterburg/predlozheniya_uslug/nyanya_1807823958
Няня с высшим муз.-педагогическим образованием,250  ₽,1 мая 22:21,https://www.avito.ru/sankt-peterburg/predlozheniya_uslug/nyanya_s_vysshim_muz.-pedagogicheskim_obrazovaniem_1807404900
Няня,200  ₽,1 мая 18:59,https://www.avito.ru/sankt-peterburg/predlozheniya_uslug/nyanya_1893480857
"Няня, у себя или у вас дома. На время болезни",350  ₽,1 мая 18:25,https://www.avito.ru/sankt-peterburg/predlozheniya_uslug/nyanya_u_sebya_ili_u_vas_doma._na_vremya_bolezni_641719738
"Услуги по уходу, сиделки",700  ₽,1 мая 18:12,https://www.avito.ru/sankt-peterburg/predlozheniya_uslug/uslugi_po_uhodu_sidelki_1910610547
Няня для детей любого возраста,250  ₽,1 мая 16:24,https://www.avito.ru/sankt-peterburg/predlozheniya_uslug/nyanya_dlya_detey_lyubogo_vozrasta_1862574442
"Няня, помощь по хозяйству",Цена не указана,1 мая 16:04,https://www.avito.ru/sankt-peterburg/predlozheniya_uslug/nyanya_pomosch_po_hozyaystvu_1907966848
Няня,400  ₽,1 мая 15:14,https://www.avito.ru/sankt-peterburg/predlozheniya_uslug/nyanya_1854863675
Няня,150  ₽,1 мая 12:35,https://www.avito.ru/sankt-peterburg/predlozheniya_uslug/nyanya_1869470022
Работа Нянь,200  ₽,1 мая 08:18,https://www.avito.ru/sankt-peterburg/predlozheniya_uslug/rabota_nyan_1914509977
Няня,Цена не указана,1 мая 06:16,https://www.avito.ru/sankt-peterburg/predlozheniya_uslug/nyanya_1308867010
Услуга сиделки,200  ₽,,https://www.avito.ru/sankt-peterburg_kolpino/predlozheniya_uslug/usluga_sidelki_1887465078
Няня для ребенка,250  ₽,,https://www.avito.ru/sankt-peterburg/predlozheniya_uslug/nyanya_dlya_rebenka_1333308840
Няня в вечернее время/ночь/выходные,250  ₽,,https://www.avito.ru/sankt-peterburg/predlozheniya_uslug/nyanya_v_vechernee_vremyanochvyhodnye_1873672489
Няня (Авто няня),500  ₽,,https://www.avito.ru/sankt-peterburg/predlozheniya_uslug/nyanya_avto_nyanya_213902402
Няня сопровождающая,250  ₽,,https://www.avito.ru/sankt-peterburg/predlozheniya_uslug/nyanya_soprovozhdayuschaya_1882052813
"Автоняня, сопровождение",350  ₽,,https://www.avito.ru/sankt-peterburg/predlozheniya_uslug/avtonyanya_soprovozhdenie_1929320283
Няня,500  ₽,,https://www.avito.ru/sankt-peterburg/predlozheniya_uslug/nyanya_1868200488
Няня,200  ₽,,https://www.avito.ru/sankt-peterburg/predlozheniya_uslug/nyanya_1774608386
Няня для вашего ребенка,200  ₽,,https://www.avito.ru/sankt-peterburg/predlozheniya_uslug/nyanya_dlya_vashego_rebenka_1905240077
Автоняня,Цена не указана,,https://www.avito.ru/sankt-peterburg/predlozheniya_uslug/avtonyanya_1854488338
Няня к ребенку,300  ₽,,https://www.avito.ru/sankt-peterburg/predlozheniya_uslug/nyanya_k_rebenku_1902158745
Няня с графиком 1*2 / 2*2/ 3*3 /час,200  ₽,,https://www.avito.ru/sankt-peterburg/predlozheniya_uslug/nyanya_s_grafikom_12_22_33_chas_1286010504
Посижу с вашим ребенком (няня),200  ₽,,https://www.avito.ru/sankt-peterburg/predlozheniya_uslug/posizhu_s_vashim_rebenkom_nyanya_1856928568
Няня,150  ₽,,https://www.avito.ru/sankt-peterburg/predlozheniya_uslug/nyanya_1874930009
Няня сопровождение,300  ₽,,https://www.avito.ru/sankt-peterburg/predlozheniya_uslug/nyanya_soprovozhdenie_1778263396
Дом отдыха для пожилых,1 100  ₽,,https://www.avito.ru/sankt-peterburg_pushkin/predlozheniya_uslug/dom_otdyha_dlya_pozhilyh_873355676
Няня - педагог,200  ₽,,https://www.avito.ru/sankt-peterburg/predlozheniya_uslug/nyanya_-_pedagog_1907565761
Частный детский сад в Приморском районе,18 000  ₽,,https://www.avito.ru/sankt-peterburg/predlozheniya_uslug/chastnyy_detskiy_sad_v_primorskom_rayone_1776887228
Готова оказать помощь нуждающимся,Цена не указана,,https://www.avito.ru/sankt-peterburg/predlozheniya_uslug/gotova_okazat_pomosch_nuzhdayuschimsya_1882303873
Няня для ребёнка от 2.5 лет,250  ₽,,https://www.avito.ru/sankt-peterburg/predlozheniya_uslug/nyanya_dlya_rebenka_ot_2.5_let_417818145
Няня,Цена не указана,,https://www.avito.ru/sankt-peterburg/predlozheniya_uslug/nyanya_1785236718
Автоняня,300  ₽,,https://www.avito.ru/sankt-peterburg/predlozheniya_uslug/avtonyanya_1764910978
"Няня, помощница по хозяйству",250  ₽,,https://www.avito.ru/sankt-peterburg/predlozheniya_uslug/nyanya_pomoschnitsa_po_hozyaystvu_1572877434
Няня,200  ₽,,https://www.avito.ru/sankt-peterburg/predlozheniya_uslug/nyanya_1087671181
Няня для деток,250  ₽,,https://www.avito.ru/sankt-peterburg/predlozheniya_uslug/nyanya_dlya_detok_1876598456
Уход за пожилыми людьми и инвалидами,Цена не указана,,https://www.avito.ru/sankt-peterburg/predlozheniya_uslug/uhod_za_pozhilymi_lyudmi_i_invalidami_1432375409
Няня - воспитатель,350  ₽,,https://www.avito.ru/sankt-peterburg_pushkin/predlozheniya_uslug/nyanya_-_vospitatel_1784099687
Уход,Цена не указана,,https://www.avito.ru/sankt-peterburg/predlozheniya_uslug/uhod_1631594534
Няня на любое время дня,250  ₽,,https://www.avito.ru/sankt-peterburg/predlozheniya_uslug/nyanya_na_lyuboe_vremya_dnya_1720271839
"Няня, сопровождающая",250  ₽,,https://www.avito.ru/sankt-peterburg_kolpino/predlozheniya_uslug/nyanya_soprovozhdayuschaya_1652117854
Сиделка со стажем,250  ₽,,https://www.avito.ru/sankt-peterburg/predlozheniya_uslug/sidelka_so_stazhem_1526520119
"Сиделка в спб на дому, в больнице",1 200  ₽,,https://www.avito.ru/sankt-peterburg/predlozheniya_uslug/sidelka_v_spb_na_domu_v_bolnitse_1821980242
Уход и помощь людям с ограниченными возможностями,200  ₽,,https://www.avito.ru/sankt-peterburg/predlozheniya_uslug/uhod_i_pomosch_lyudyam_s_ogranichennymi_vozmozhnostyami_1860097191
"Няня для сопровождения, водитель",350  ₽,,https://www.avito.ru/sankt-peterburg/predlozheniya_uslug/nyanya_dlya_soprovozhdeniya_voditel_1862548935
